title,summary,text,link,published_at,source,keyword,impact_score,tag
【#高新南区6个公交站点完成改造#】为进一步提升高新区交通通行效率，近日，成都公交交通治堵工作专班全面排查梳理高新区内经停线路超过8条的公交站点20余处，重点梳理、排查高新南区天府大道府城大道口、地铁孵化园站、地铁世纪城站等21处堵点，按照“拥堵” - 手机新浪网,【#高新南区6个公交站点完成改造#】为进一步提升高新区交通通行效率，近日，成都公交交通治堵工作专班全面排查梳理高新区内经停线路超过8条的公交站点20余处，重点梳理、排查高新南区天府大道府城大道口、地铁孵化园站、地铁世纪城站等21处堵点，按照“拥堵” 手机新浪网,【#高新南区6个公交站点完成改造#】为进一步提升高新区交通通行效率，近日，成都公交交通治堵工作专班全面排查梳理高新区内经停线路超过8条的公交站点20余处，重点梳理、排查高新南区天府大道府城大道口、地铁孵化园站、地铁世纪城站等21处堵点，按照“拥堵” - 手机新浪网 【#高新南区6个公交站点完成改造#】为进一步提升高新区交通通行效率，近日，成都公交交通治堵工作专班全面排查梳理高新区内经停线路超过8条的公交站点20余处，重点梳理、排查高新南区天府大道府城大道口、地铁孵化园站、地铁世纪城站等21处堵点，按照“拥堵” 手机新浪网,https://news.google.com/rss/articles/CBMiY0FVX3lxTE1kOXJoYk5wT1QwZXJlUk5wQW9XeWdsb0tnVmJ4eEZTbE9jOEo0aVVwdEgyYjRFejdJeF9YVUlCbHFpSGtKakpVRmVvSnJfcDRzdmZaQ0NURmFCRWxpTS1JYzJBQQ?oc=5,2024-11-05 08:00:00,google_news,成都 治堵,60.0,transit
“智慧大脑”治理慢速车将全面推广，成都“开门治堵”8个月，拥堵指数明显下降 - 新浪财经,“智慧大脑”治理慢速车将全面推广，成都“开门治堵”8个月，拥堵指数明显下降 新浪财经,“智慧大脑”治理慢速车将全面推广，成都“开门治堵”8个月，拥堵指数明显下降 - 新浪财经 “智慧大脑”治理慢速车将全面推广，成都“开门治堵”8个月，拥堵指数明显下降 新浪财经,https://news.google.com/rss/articles/CBMif0FVX3lxTE95NVpBMFlobmtKcUp3S1ZqTENieWNrX3ZoVDVYU1AtM21VWl8xY08taFZNcXNKZm44VjRobFRTVXRKTGl5V21BSlFEeGh0YlpLSTV2a3lma3NORlU3bW9RUm12OEI1V2NhckdSanc1bTF1QlhVSTFNTm1FS2xTY2s?oc=5,2025-07-01 07:00:00,google_news,成都 治堵,51.0,general
驾驶员注意！成都明日早高峰将提前，这些路段易出现交通拥堵→ - 新浪财经,驾驶员注意！成都明日早高峰将提前，这些路段易出现交通拥堵→ 新浪财经,驾驶员注意！成都明日早高峰将提前，这些路段易出现交通拥堵→ - 新浪财经 驾驶员注意！成都明日早高峰将提前，这些路段易出现交通拥堵→ 新浪财经,https://news.google.com/rss/articles/CBMifkFVX3lxTFBaYkJmN3dhS0FLV3d2WDBldE5DenQtUlRIQmNzWVBJZXRLZlMxbEduU0Rva21JTUwyTk1DUVdXYXdCdlFYNWNlNUdEVWtrVnFlMG16M0VFQzlHeVFLdHNnckJnZG1oQWgxTVZTanRjdmRfOGdPU3doc2o3QkxPZw?oc=5,2026-03-01 08:00:00,google_news,成都 交通 拥堵,50.0,general
记者直击成都“25天不限行”首个工作日早高峰不拥堵交通运行平稳有序_要闻 - scfzbs.com,记者直击成都“25天不限行”首个工作日早高峰不拥堵交通运行平稳有序_要闻 scfzbs.com,记者直击成都“25天不限行”首个工作日早高峰不拥堵交通运行平稳有序_要闻 - scfzbs.com 记者直击成都“25天不限行”首个工作日早高峰不拥堵交通运行平稳有序_要闻 scfzbs.com,https://news.google.com/rss/articles/CBMiWkFVX3lxTE5sdzB4dzl4TmxzWWVKZjcwS1RBT2J0bmlsZUg1LVhyVE5zemtOa3hRTk43ZU5ySFNnTHRpaVBqV21QdndVYjlaTzh3MUdFSEdhdUIxbnh3OFg2dw?oc=5,2026-02-10 08:00:00,google_news,成都 交通 拥堵,50.0,general
元旦假期不限行！预计明天晚高峰将提前至15时，成都这些路段易拥堵 - news.qq.com,元旦假期不限行！预计明天晚高峰将提前至15时，成都这些路段易拥堵 news.qq.com,元旦假期不限行！预计明天晚高峰将提前至15时，成都这些路段易拥堵 - news.qq.com 元旦假期不限行！预计明天晚高峰将提前至15时，成都这些路段易拥堵 news.qq.com,https://news.google.com/rss/articles/CBMiVkFVX3lxTFBwMG9uTzU4RC00RXZSRDVveEFFMUJ0eFlPMGZSczg2VmZqa0hKVGZ1OGp0ek1HVGJHNDZXa1pzQW1sSi1xWXlUN0ZFZnZ1T21ydGwyamx3?oc=5,2025-12-30 08:00:00,google_news,成都 交通 拥堵,50.0,general
成都为缓解早晚高峰交通拥堵状况，禁止部分货车在绕城高速通行-腾讯新闻 - news.qq.com,成都为缓解早晚高峰交通拥堵状况，禁止部分货车在绕城高速通行-腾讯新闻 news.qq.com,成都为缓解早晚高峰交通拥堵状况，禁止部分货车在绕城高速通行-腾讯新闻 - news.qq.com 成都为缓解早晚高峰交通拥堵状况，禁止部分货车在绕城高速通行-腾讯新闻 news.qq.com,https://news.google.com/rss/articles/CBMiVkFVX3lxTFA0VW1IUTdNSnp4NmpocWhIdXlZYTJCeG9VNlFYQWlxZlhlUXQ5ZXk5NEtONmdBMXZJamJfdWcwSmtqVXJqWXhHMGFJTDZKdkNOVWtlYXFR?oc=5,2024-01-12 08:00:00,google_news,成都 交通 拥堵,50.0,general
发现没有？科华南路早晚高峰更好走了，清江中路也顺畅了！治堵“药方”见效 - 新浪财经,发现没有？科华南路早晚高峰更好走了，清江中路也顺畅了！治堵“药方”见效 新浪财经,发现没有？科华南路早晚高峰更好走了，清江中路也顺畅了！治堵“药方”见效 - 新浪财经 发现没有？科华南路早晚高峰更好走了，清江中路也顺畅了！治堵“药方”见效 新浪财经,https://news.google.com/rss/articles/CBMifkFVX3lxTE1XNHJfdTlXTE9kUEZHemFQTDdHRW13aVhkWHhMand1cEl1LWU5RXJaWkdabVRick1xUFd5aGxYZmVQbUpHdDVaUU42R2VDSHlKSk5kWHNZb2dReW1kbWVUY1BPdEQzcGhmZS1ydzZEcXNhc2NESWJvdlN6YVVwQQ?oc=5,2026-02-25 08:00:00,google_news,成都 治堵,48.0,general
问政四川丨成都机场高速免费后车流量大增，如何缓堵？记者高峰期实地探访 - sichuan.scol.com.cn,问政四川丨成都机场高速免费后车流量大增，如何缓堵？记者高峰期实地探访 sichuan.scol.com.cn,问政四川丨成都机场高速免费后车流量大增，如何缓堵？记者高峰期实地探访 - sichuan.scol.com.cn 问政四川丨成都机场高速免费后车流量大增，如何缓堵？记者高峰期实地探访 sichuan.scol.com.cn,https://news.google.com/rss/articles/CBMiY0FVX3lxTE5MRV9BV0F6U0Ffa0tmdmV1dFp5WElqbllSeERiVDdwMnRsZlF0NUV3Z0ViODliQUYwRHFHRHIyYXZQbUZmVXI1TmJiU2lxUWFlRFZmNlNPb3F0TnNIbjk5N0lMdw?oc=5,2026-01-13 08:00:00,google_news,成都 交通 拥堵,46.0,general
一起来治堵｜成都79条公交车道提前优化调整完成，还有这些改善 - news.qq.com,一起来治堵｜成都79条公交车道提前优化调整完成，还有这些改善 news.qq.com,一起来治堵｜成都79条公交车道提前优化调整完成，还有这些改善 - news.qq.com 一起来治堵｜成都79条公交车道提前优化调整完成，还有这些改善 news.qq.com,https://news.google.com/rss/articles/CBMiVkFVX3lxTFBfV1dHX2ZpZDZyR2RsV3lkVFdfeWt6dG1WaUhGVFBNMVJHS2dnNnlSRXlSUHdWTEpsR0VGTkhEaHBVUm9BbnNzYWtib040azNUa1BtenBB?oc=5,2025-03-13 07:00:00,google_news,成都 治堵,46.0,transit
一起来治堵｜公交道开放却不敢走？公交车车尾牌“广而告之”，接下来更多线路将上线-腾讯新闻 - news.qq.com,一起来治堵｜公交道开放却不敢走？公交车车尾牌“广而告之”，接下来更多线路将上线-腾讯新闻 news.qq.com,一起来治堵｜公交道开放却不敢走？公交车车尾牌“广而告之”，接下来更多线路将上线-腾讯新闻 - news.qq.com 一起来治堵｜公交道开放却不敢走？公交车车尾牌“广而告之”，接下来更多线路将上线-腾讯新闻 news.qq.com,https://news.google.com/rss/articles/CBMiVkFVX3lxTE5yUWV2eXV6VGNGUXZNSVFmU3dIRzBuSWdUcDg3dHp6V2o3ODVwZnhZYVFVeklSZHhJVVVFNVB1R0VHU0pCNlIxbC1kOXVPMjFlVWdpdWd3?oc=5,2025-03-10 07:00:00,google_news,成都 治堵,46.0,transit
一起来治堵｜成都公交车道进一步开放首日，市民称“多了一条车道，方便多了” - 凤凰网,一起来治堵｜成都公交车道进一步开放首日，市民称“多了一条车道，方便多了” 凤凰网,一起来治堵｜成都公交车道进一步开放首日，市民称“多了一条车道，方便多了” - 凤凰网 一起来治堵｜成都公交车道进一步开放首日，市民称“多了一条车道，方便多了” 凤凰网,https://news.google.com/rss/articles/CBMiTEFVX3lxTFBlMXdDaTZkeU5OZS1RemFQc3paQ0ZWSHI0WGxqMkdFbWtDb0h6S19rVTdjOWE0MndsemhBMGU0YlFKWktoM1pxUFF1RlI?oc=5,2025-02-15 08:00:00,google_news,成都 治堵,46.0,transit
春节假期成都地铁和机场的客流承载能力面临了哪些考验？ - 新浪财经,春节假期成都地铁和机场的客流承载能力面临了哪些考验？ 新浪财经,春节假期成都地铁和机场的客流承载能力面临了哪些考验？ - 新浪财经 春节假期成都地铁和机场的客流承载能力面临了哪些考验？ 新浪财经,https://news.google.com/rss/articles/CBMihAFBVV95cUxPelRQSkVqNUJmMGNhX3NXSUNiTHp4VXpBcGI0aFJmVG1obHA5U1RxY294X0RPd3dSSEl4TTJxMW45ck1hSFluNlZYS090Njh3d0lzMkZMWWx4dG9qLUtIeXhDQXRYNFREbll6UmtlZVVTRTVJQnQ1SVFScWpvaUt2VFpmd0M?oc=5,2026-02-24 08:00:00,google_news,成都 地铁 客流,45.0,transit
三起“微手术” 成都新都区拥堵路口“快多了” - sichuan.scol.com.cn,三起“微手术” 成都新都区拥堵路口“快多了” sichuan.scol.com.cn,三起“微手术” 成都新都区拥堵路口“快多了” - sichuan.scol.com.cn 三起“微手术” 成都新都区拥堵路口“快多了” sichuan.scol.com.cn,https://news.google.com/rss/articles/CBMiY0FVX3lxTE9FSExrRVlmeEpERllCbHlqWDQ5bTBBSGk5SkEtMTZJWHpPc1o5ckpLby1DMWpYX29JQXFnS0RyWXRVTlBXeFZRNmZHSzlsUURZYnpTeU1HTmdoZDhndmlDM1dLdw?oc=5,2025-02-15 08:00:00,google_news,成都 交通 拥堵,44.0,general
破解拥堵 成都交警用“智慧”打头阵 - xinhuanet.com,破解拥堵 成都交警用“智慧”打头阵 xinhuanet.com,破解拥堵 成都交警用“智慧”打头阵 - xinhuanet.com 破解拥堵 成都交警用“智慧”打头阵 xinhuanet.com,https://news.google.com/rss/articles/CBMibkFVX3lxTE9COVNBY1ctV05ISWo1dUZoRjE2cUlTSzltNkFialE3VTh4SlRwMkRDbHNBUFphallNZTJMN3k4N1hIcTczMkJWNUxLQlJ3WWRMaTUtb1g5TFRudDRONVF1VVh6NGNvNHp6NDRjN3dB?oc=5,2018-11-02 07:00:00,google_news,成都 交通 拥堵,44.0,general
暴雨红色预警还敢跑货车？别拿生命赌侥幸！丨锐评 - 川观新闻,暴雨红色预警还敢跑货车？别拿生命赌侥幸！丨锐评 川观新闻,暴雨红色预警还敢跑货车？别拿生命赌侥幸！丨锐评 - 川观新闻 暴雨红色预警还敢跑货车？别拿生命赌侥幸！丨锐评 川观新闻,https://news.google.com/rss/articles/CBMiTkFVX3lxTE9VWGtqZVlXZnlEY2lrQ2MyQXNfdXktWW5rMmNiU05VTWxSd08xeTZ0UXdoczlSRmNmeU1iZnZCLTY1b0haVS1QZWt1Qi1yZw?oc=5,2026-04-02 07:15:00,google_news,四川 暴雨 交通,43.0,weather
交通运输部检查指导组在四川检查发现个别运输企业危货车辆在暴雨红色预警时未停运 - 新浪财经,交通运输部检查指导组在四川检查发现个别运输企业危货车辆在暴雨红色预警时未停运 新浪财经,交通运输部检查指导组在四川检查发现个别运输企业危货车辆在暴雨红色预警时未停运 - 新浪财经 交通运输部检查指导组在四川检查发现个别运输企业危货车辆在暴雨红色预警时未停运 新浪财经,https://news.google.com/rss/articles/CBMiS0FVX3lxTE96cWZtMmRtT3M2X2RrR0p4M1lZdXZxQ2V0SVk4V2NNZ3NpSnh2MEVQNElDSzNEMG4yRUVISEtZOWpRZk8ybWpWUnc0Zw?oc=5,2026-03-25 03:59:36,google_news,四川 暴雨 交通,43.0,weather
暴雨暴雪又来了！本周末四川雨雪升级，数十条公路路段将受天气影响 - sichuan.scol.com.cn,暴雨暴雪又来了！本周末四川雨雪升级，数十条公路路段将受天气影响 sichuan.scol.com.cn,暴雨暴雪又来了！本周末四川雨雪升级，数十条公路路段将受天气影响 - sichuan.scol.com.cn 暴雨暴雪又来了！本周末四川雨雪升级，数十条公路路段将受天气影响 sichuan.scol.com.cn,https://news.google.com/rss/articles/CBMiY0FVX3lxTE9DelB2TFJidjhHRU1aNnhCeGVsY3pQaldzaFNGUkJjZmltRm5FdXVkWm1yMnk4Mk5GNmZWUWJGQ0ttTVRuV2VVOEdMeWh3ZVRQVVJ2WENtWU02a2VCOEZHaW9Mdw?oc=5,2025-10-30 07:00:00,google_news,四川 暴雨 交通,43.0,weather
暴雨黄色预警：广西云南等地有大暴雨 四川陕西等地部分地区有大雨 - 天气网,暴雨黄色预警：广西云南等地有大暴雨 四川陕西等地部分地区有大雨 天气网,暴雨黄色预警：广西云南等地有大暴雨 四川陕西等地部分地区有大雨 - 天气网 暴雨黄色预警：广西云南等地有大暴雨 四川陕西等地部分地区有大雨 天气网,https://news.google.com/rss/articles/CBMiXEFVX3lxTFBQZW90V0sxLVplcGlzR001ZFNfbmZzN0FQRGkxekV1dWV1cUJfVWl3WnNpOS1Qam5Bb1UtekV6ZjlVRnVGVThHd1FmRDZLdmg5RVJxM2NZZEE2Zlkx?oc=5,2025-10-06 07:00:00,google_news,四川 暴雨 交通,43.0,weather
10余省区市部分地区有大到暴雨，四川等地有大暴雨 - peopleapp.com,10余省区市部分地区有大到暴雨，四川等地有大暴雨 peopleapp.com,10余省区市部分地区有大到暴雨，四川等地有大暴雨 - peopleapp.com 10余省区市部分地区有大到暴雨，四川等地有大暴雨 peopleapp.com,https://news.google.com/rss/articles/CBMiaEFVX3lxTE4xdDhEREhyX09PallSV1Y2Vl9PZV9GS3pqWlZxM1hPZzVLNzlOamM1V2tyTWh0bjlacEh4enFaQlJSV2VEMjRwbUo3TE1pTG1YTl9UYzc5Qk0ySWFOdWFCV1MwX2x3eGZs?oc=5,2025-09-17 07:00:00,google_news,四川 暴雨 交通,43.0,weather
暴雨黄色预警：河南山东四川等地部分地区有大暴雨 - 天气网,暴雨黄色预警：河南山东四川等地部分地区有大暴雨 天气网,暴雨黄色预警：河南山东四川等地部分地区有大暴雨 - 天气网 暴雨黄色预警：河南山东四川等地部分地区有大暴雨 天气网,https://news.google.com/rss/articles/CBMiX0FVX3lxTFBzaWN6Vm1aMmtVU3kxbFpGQk1pSTk0REwzeERwQzhpRU12OUVrUWJmejUyQ2lkWXE1RW1Sdl9GY2dWLXNCazlObDJ6aWZVQmVYUVA1N0MycWZTVmlEWXY4?oc=5,2025-09-11 07:00:00,google_news,四川 暴雨 交通,43.0,weather
暴雨席捲四川盆地 成都市民從睡夢中驚醒 - 大紀元,暴雨席捲四川盆地 成都市民從睡夢中驚醒 大紀元,暴雨席捲四川盆地 成都市民從睡夢中驚醒 - 大紀元 暴雨席捲四川盆地 成都市民從睡夢中驚醒 大紀元,https://news.google.com/rss/articles/CBMiYEFVX3lxTE81LWszVUl2R0J1QzFfdzM3LU9UWlB0cnNwTGpfRk5wV0FUS3psUUo4WjlwMUxmZFJIZV9FRllSeXZEQ2hkQ1FOQzdObnpZdzF2SEtDZlZROUhldlJMYlhyctIBZkFVX3lxTE1UMFJDYXlXSVFZbENoZDdpRldDcWs1dzVwMGM5SUlueUdVT0dkQVZGSGN0dzcwWVNTeGdqcEd1MlJieEZhckRsYWpwN2lGRFpNMGg4MWlGZFpPYXlQNEktelh5QWpLUQ?oc=5,2025-08-10 07:00:00,google_news,四川 暴雨 交通,43.0,weather
暴雨黄色预警：江苏安徽四川等6省部分地区有大暴雨 - news.cn,暴雨黄色预警：江苏安徽四川等6省部分地区有大暴雨 news.cn,暴雨黄色预警：江苏安徽四川等6省部分地区有大暴雨 - news.cn 暴雨黄色预警：江苏安徽四川等6省部分地区有大暴雨 news.cn,https://news.google.com/rss/articles/CBMifkFVX3lxTE9XVUVHbmVXVk5mRTR5ZXI5dHRxMHBXQnJqQ0REbGhUb0xVZkM0UUZSYTZOZkdybk1qSFJRMzB6MlppdkJJMkVDQUlTVUI1cWJkWHFMaGhrNVBZWFNtSWZFSjZ0Z3dneGRZRjVyeWlhckRvRlk4bHVXblBXbDJjZw?oc=5,2025-08-10 07:00:00,google_news,四川 暴雨 交通,43.0,weather
截至8月10日02时30分，因暴雨天气辖区内具体管制情况如下：[星星]G93成渝环线乐宜段：关闭辜李坝站 - 手机新浪网,截至8月10日02时30分，因暴雨天气辖区内具体管制情况如下：[星星]G93成渝环线乐宜段：关闭辜李坝站 手机新浪网,截至8月10日02时30分，因暴雨天气辖区内具体管制情况如下：[星星]G93成渝环线乐宜段：关闭辜李坝站 - 手机新浪网 截至8月10日02时30分，因暴雨天气辖区内具体管制情况如下：[星星]G93成渝环线乐宜段：关闭辜李坝站 手机新浪网,https://news.google.com/rss/articles/CBMiY0FVX3lxTE9NSUtGWDdWZU5NREQzWHh5TURmcklTS1hKdmRQUWVFNGs5dFF4WnZsb25KMnFUcm1vUEpEQ3pXMlZGcEpxNEpBdTZYVVRocUxFTmxqekNVU0VYSFlqNmVsT3BwUQ?oc=5,2025-08-10 07:00:00,google_news,四川 暴雨 交通,43.0,weather
四川升级发布暴雨黄色预警，降水落区东移12日结束，气象专家提示防范重点 - sichuan.scol.com.cn,四川升级发布暴雨黄色预警，降水落区东移12日结束，气象专家提示防范重点 sichuan.scol.com.cn,四川升级发布暴雨黄色预警，降水落区东移12日结束，气象专家提示防范重点 - sichuan.scol.com.cn 四川升级发布暴雨黄色预警，降水落区东移12日结束，气象专家提示防范重点 sichuan.scol.com.cn,https://news.google.com/rss/articles/CBMiY0FVX3lxTFB2c1ZFQlN1czg3MFJpT3NKVzFFVXYyZXF5REVoUldvQnM5VDZCMkFlR0owdFlQOXRNeEM0cnczaUZrOVNxUllmWlh1ZDJnNG9SLWY5czVqTHJqSU5FMzZjelJuQQ?oc=5,2025-08-10 07:00:00,google_news,四川 暴雨 交通,43.0,weather
五预警齐发！四川重庆等地将超40℃ 江苏等地局部将有大暴雨_央广网 - 央广网,五预警齐发！四川重庆等地将超40℃ 江苏等地局部将有大暴雨_央广网 央广网,五预警齐发！四川重庆等地将超40℃ 江苏等地局部将有大暴雨_央广网 - 央广网 五预警齐发！四川重庆等地将超40℃ 江苏等地局部将有大暴雨_央广网 央广网,https://news.google.com/rss/articles/CBMib0FVX3lxTE5Pc3lYWFRHay1ia3YzVjk5Z2VBdGRVUmNYZFpaOEtWd0pDY3kxM0E1ZUdLc3RxbFh5UllvVkdQRVBZcWc0cGVVU25ERFhaVlJNaFRzdy14U1h6ZC0tTzQyc0M2SWtCaVMxUXp1WElQVQ?oc=5,2025-08-01 07:00:00,google_news,四川 暴雨 交通,43.0,weather
四川绵阳持续暴雨民警全力救灾 - mps.gov.cn,四川绵阳持续暴雨民警全力救灾 mps.gov.cn,四川绵阳持续暴雨民警全力救灾 - mps.gov.cn 四川绵阳持续暴雨民警全力救灾 mps.gov.cn,https://news.google.com/rss/articles/CBMiggFBVV95cUxNZXEzOFlXZHNhZzFPQjJIX0R3Q0gxUnd0UnE0RERXeDF4Qko1Y3VFUGVXOXVDMTNSbWNMWGg3VzMwUzNRSnpRVFkyMXdrS252RkluOHc2NmlKX3FueGZrTG5UNllVTE9YZHdwRFhHQjROTG52NGRIRGx0NnFxSjNydW1R?oc=5,2025-07-24 08:44:09,google_news,四川 暴雨 交通,43.0,weather
台风、暴雨预警齐发，内蒙古、山西、河北、北京、四川等地局地有大暴雨 - 中国科技网,台风、暴雨预警齐发，内蒙古、山西、河北、北京、四川等地局地有大暴雨 中国科技网,台风、暴雨预警齐发，内蒙古、山西、河北、北京、四川等地局地有大暴雨 - 中国科技网 台风、暴雨预警齐发，内蒙古、山西、河北、北京、四川等地局地有大暴雨 中国科技网,https://news.google.com/rss/articles/CBMicEFVX3lxTE5lVS1HSk1XZnREalBQalVUV1dVWTh0ZjluTGRFeU5PSnAtck4wdjZ4N2VfN19WSS1nLUZhSkZLWDBxa3ZZYkZXSERwb3BPS3JnaTFYMWlsamdxWE1HbnozQnRUc0NZSkxvcmY0MzBLM1I?oc=5,2025-07-24 07:00:00,google_news,四川 暴雨 交通,43.0,weather
暴雨袭川，四川公安“汛”速行动 - 中国长安网,暴雨袭川，四川公安“汛”速行动 中国长安网,暴雨袭川，四川公安“汛”速行动 - 中国长安网 暴雨袭川，四川公安“汛”速行动 中国长安网,https://news.google.com/rss/articles/CBMiiAFBVV95cUxNYU9WUDk2QXNRajlLTllUanBheldIc1psWmp5X3hMVVhtMmhOcDdrVi1wLU80WkdVbFpseE5fYlFUckZUN1EtZl9SLWRwcU53S1NfbGhpNHNrMDdXcENPb3M3M0RtYnB6TmlOenZCSkw3b3VseENHREZybTBNYVI4NjhJZVhCWE91?oc=5,2025-07-09 07:00:00,google_news,四川 暴雨 交通,43.0,weather
四川省气象台发布暴雨黄色预警 - 新浪财经,四川省气象台发布暴雨黄色预警 新浪财经,四川省气象台发布暴雨黄色预警 - 新浪财经 四川省气象台发布暴雨黄色预警 新浪财经,https://news.google.com/rss/articles/CBMifkFVX3lxTFBCbzBMUzhYNUl3TjJiV3NzNVV1S09yQy01V01CekhmU3gtbUtvZElQZUtPQm1GRXY1TXlGUW9MS0JlbkN4ZFZtZU9pcDRPUl8zc2pHS1Z1SG1DWnhHLVgxbHNvZEdibzlLczByRFl6RkR2V3pqZDJlRDBLQmV5UQ?oc=5,2025-07-04 07:00:00,google_news,四川 暴雨 交通,43.0,weather
因暴雨成都多条道路路面积水 实施临时交通管控 - sichuan.scol.com.cn,因暴雨成都多条道路路面积水 实施临时交通管控 sichuan.scol.com.cn,因暴雨成都多条道路路面积水 实施临时交通管控 - sichuan.scol.com.cn 因暴雨成都多条道路路面积水 实施临时交通管控 sichuan.scol.com.cn,https://news.google.com/rss/articles/CBMiY0FVX3lxTE40a1JPZloxMUxneFc2WG5CUVA5eU44LWUxM1pNYkpKbVU5WnZJZGYtVG00V2NJcS1QNFoyRnpKRHBkQjhQd0NlU1ZCOTZhZUdXdzdMMExfSlpjNTJ1LW9ZZW9KTQ?oc=5,2025-07-03 07:00:00,google_news,四川 暴雨 交通,43.0,weather
C视觉丨成都暴雨袭城 - sichuan.scol.com.cn,C视觉丨成都暴雨袭城 sichuan.scol.com.cn,C视觉丨成都暴雨袭城 - sichuan.scol.com.cn C视觉丨成都暴雨袭城 sichuan.scol.com.cn,https://news.google.com/rss/articles/CBMiY0FVX3lxTE5PS2x6ZVBhMjNuNll0djFWN1JjMFE3TnBBV1NGTGJwMVpUUTlQa0F1Uno1YlpsTEdtR0JWTjdjbDk1a2FtMkw2WkxKeE5qd3RQdlJPNGtndDZfUE5weGllN3RQSQ?oc=5,2025-07-03 07:00:00,google_news,四川 暴雨 交通,43.0,weather
进入暴雨紧急防御状态！成都发布暴雨红色预警信号！四川今年首次调高地灾预警等级！-今日头条 - 光明网,进入暴雨紧急防御状态！成都发布暴雨红色预警信号！四川今年首次调高地灾预警等级！-今日头条 光明网,进入暴雨紧急防御状态！成都发布暴雨红色预警信号！四川今年首次调高地灾预警等级！-今日头条 - 光明网 进入暴雨紧急防御状态！成都发布暴雨红色预警信号！四川今年首次调高地灾预警等级！-今日头条 光明网,https://news.google.com/rss/articles/CBMiakFVX3lxTE1KNmdHR1doMGl3bnZlMUhtZjl6SVBZZ0xLS05lbnNPSUpwaVdiQTRqQ3RTMFFsZmZtSnVPQTdOS2F1ZUNxMlMza3FhOEx0bzNZVndOSWF2bUoyZnhvRGZLSGk4cE1QSTREcVE?oc=5,2025-07-03 07:00:00,google_news,四川 暴雨 交通,43.0,incident
暴雨黄色预警：12省市部分地区有大到暴雨 四川局地有特大暴雨 - 天气网,暴雨黄色预警：12省市部分地区有大到暴雨 四川局地有特大暴雨 天气网,暴雨黄色预警：12省市部分地区有大到暴雨 四川局地有特大暴雨 - 天气网 暴雨黄色预警：12省市部分地区有大到暴雨 四川局地有特大暴雨 天气网,https://news.google.com/rss/articles/CBMiYEFVX3lxTFBfQjhoc21LVEQxeVQ1c1RUVkh5cmNtMzVhT2J5UzN2eE1RRkEtd25HVmd4b0E4SXJMN3prODJWSW5hMmxhTy1zS1pyLVVVdXRUOG9ydHFpZkVfdUI5Vk1QSg?oc=5,2025-06-29 07:00:00,google_news,四川 暴雨 交通,43.0,weather
暴雨黄色预警：辽宁河南等部分地区有大到暴雨 四川局地有特大暴雨 - 天气网,暴雨黄色预警：辽宁河南等部分地区有大到暴雨 四川局地有特大暴雨 天气网,暴雨黄色预警：辽宁河南等部分地区有大到暴雨 四川局地有特大暴雨 - 天气网 暴雨黄色预警：辽宁河南等部分地区有大到暴雨 四川局地有特大暴雨 天气网,https://news.google.com/rss/articles/CBMiYEFVX3lxTE9QcUlGVlFxMmc1TUpzT3A1RWpUWmlyRm1oVlNFSXpKT1VYMHF2OE5seWtwMmFlZFVJX29PNW9KSkVyRGZBY2l4Z29qelRFMkVCaGlpS1R5VHE0ckg2X2g5TA?oc=5,2025-06-29 07:00:00,google_news,四川 暴雨 交通,43.0,weather
"C视频丨高温后突降暴雨 成都交通""压力山大"" - sichuan.scol.com.cn","C视频丨高温后突降暴雨 成都交通""压力山大"" sichuan.scol.com.cn","C视频丨高温后突降暴雨 成都交通""压力山大"" - sichuan.scol.com.cn C视频丨高温后突降暴雨 成都交通""压力山大"" sichuan.scol.com.cn",https://news.google.com/rss/articles/CBMiY0FVX3lxTE9XMTB6WkZqbUhFV2wwcFVEQXFvUmRWZTl4VzVpbXg0M2JSeHVNM2dDb0RZdjlaRjVPRk96LW8xc0dIN0d2dG9ISmptZ0hxb3YtZmg4N2EzZERRbmZoWWJDRkRHdw?oc=5,2025-06-24 07:00:00,google_news,成都 交通 拥堵,43.0,weather
暴雨黄色预警：河南湖北四川等地有大暴雨 - 人民网,暴雨黄色预警：河南湖北四川等地有大暴雨 人民网,暴雨黄色预警：河南湖北四川等地有大暴雨 - 人民网 暴雨黄色预警：河南湖北四川等地有大暴雨 人民网,https://news.google.com/rss/articles/CBMibkFVX3lxTFBFRGZuMm01OXZwLWYzakdLQUFPNDU4eXRQc0hxdm1BSGJ6TklYMV92dHAzUl8tYVNJTHl6OU9wbEFyS0dNeUZyamJWVjY5M2pNcVotMTRaMnNmR25ybnRuZjZaQi0zT2R4dGk1Zi1R?oc=5,2024-07-14 07:00:00,google_news,四川 暴雨 交通,43.0,weather
暴雨黄色预警：河南湖北四川海南岛等地有大暴雨 - 人民网,暴雨黄色预警：河南湖北四川海南岛等地有大暴雨 人民网,暴雨黄色预警：河南湖北四川海南岛等地有大暴雨 - 人民网 暴雨黄色预警：河南湖北四川海南岛等地有大暴雨 人民网,https://news.google.com/rss/articles/CBMibkFVX3lxTE9lU0FBMzlPMGE3NXVHUkM3eVJ3NEx0UDRQMUdIZTY2b1JHbFpsTmtYTUotNmZPV3RqSlRrZDNtaVFXZGFGcWNTQzA5cUdBZnRZMncyREdzOWJHZ3phcTVsa1NUbm13X2MzckpzREdn?oc=5,2024-07-14 07:00:00,google_news,四川 暴雨 交通,43.0,weather
暴雨预警！8省市有大到暴雨 湖北安徽四川等地部分地区有大暴雨 - 中国经济网,暴雨预警！8省市有大到暴雨 湖北安徽四川等地部分地区有大暴雨 中国经济网,暴雨预警！8省市有大到暴雨 湖北安徽四川等地部分地区有大暴雨 - 中国经济网 暴雨预警！8省市有大到暴雨 湖北安徽四川等地部分地区有大暴雨 中国经济网,https://news.google.com/rss/articles/CBMidEFVX3lxTE93SjdUZGZCZ1A4bnNNQ2NGRmdCN1p6cU8zc2VGbzROaFphN1VyTmdvQU1xVGN5SFFlNklwWk1seWdfcmVCaWpGQkZXVjdsellzTnlaZ1N4OUlRX2xndEVhUENKNzFHQ0Z1QnluQlZ3TmNlN1NK?oc=5,2024-07-13 07:00:00,google_news,四川 暴雨 交通,43.0,weather
暴雨黄色预警继续发布 四川盆地江苏局地有大暴雨 - news.cn,暴雨黄色预警继续发布 四川盆地江苏局地有大暴雨 news.cn,暴雨黄色预警继续发布 四川盆地江苏局地有大暴雨 - news.cn 暴雨黄色预警继续发布 四川盆地江苏局地有大暴雨 news.cn,https://news.google.com/rss/articles/CBMifkFVX3lxTFB1X2xqd0ZjbEh6VThLU2ltclFGb1BHUlkweGVrMEgzdnRzUmxzc1J2aXVrcG43cVRVaDhKSEtnUUoyczBJcEZqVTFVTTFXUnNBSkZYTGd3clFaR3hxZFlFcjJRX196Y3c3cTNZTm1vTUZ6akRvOEJwU3pPaHNEUQ?oc=5,2024-07-10 07:00:00,google_news,四川 暴雨 交通,43.0,weather
成都第四批治堵任务清单发布！ - 新浪财经,成都第四批治堵任务清单发布！ 新浪财经,成都第四批治堵任务清单发布！ - 新浪财经 成都第四批治堵任务清单发布！ 新浪财经,https://news.google.com/rss/articles/CBMifEFVX3lxTFBkemcwZTVaZ1dOVnhhdlhkbmNYN0g3LTJ5X1V2T1VIZ3R2ajkxMHFqZVV5VXlvUDNVdnl5aGNrRHJ1VXdZV0E1UUtjNUpIamtGWUJJUzFyYWpvWFN1RFF5QVdvMXdVSzlsMGNOTGRwUHJ6bFpyaFYzelZHZzE?oc=5,2026-02-25 08:00:00,google_news,成都 治堵,42.0,general
获联合国人居署认可！华西医院周边治堵方案，入选优秀城市案例 - sichuan.scol.com.cn,获联合国人居署认可！华西医院周边治堵方案，入选优秀城市案例 sichuan.scol.com.cn,获联合国人居署认可！华西医院周边治堵方案，入选优秀城市案例 - sichuan.scol.com.cn 获联合国人居署认可！华西医院周边治堵方案，入选优秀城市案例 sichuan.scol.com.cn,https://news.google.com/rss/articles/CBMiY0FVX3lxTFBDVDh5MHk4VnllV0U1d0lad2s1MzRNS21CSTM5N2ZqTHlqVG5haEZMLS01VjJDTWlmeWw1cG1ESWRHeGkxdVdlSmlqaWwzSF9XaFlZbGVLakxKTFBBZEFYeXd3QQ?oc=5,2026-01-26 08:00:00,google_news,成都 治堵,42.0,general
四中全会精神在基层丨成都：“开门”治堵畅通群众出行“最后一公里” - news.cn,四中全会精神在基层丨成都：“开门”治堵畅通群众出行“最后一公里” news.cn,四中全会精神在基层丨成都：“开门”治堵畅通群众出行“最后一公里” - news.cn 四中全会精神在基层丨成都：“开门”治堵畅通群众出行“最后一公里” news.cn,https://news.google.com/rss/articles/CBMifkFVX3lxTE9BaWsxM081ZlRZc2lrNHFhSTdGZnBPWHB6U09oZG1qRHlGM3dYUHhKZjlfTVZrSkozZldYT0dLWldGQVJjV0RfeHhPYmtMaEJsc01VLVI1SXBITWhEdXFQcXE2QVI3N09wTzVfd0NJZ3pEblRUZjdCejlEMl9nQQ?oc=5,2025-11-20 08:00:00,google_news,成都 治堵,42.0,general
妙招治堵！成都科华南路这一路段新增一条车道 - 红星新闻,妙招治堵！成都科华南路这一路段新增一条车道 红星新闻,妙招治堵！成都科华南路这一路段新增一条车道 - 红星新闻 妙招治堵！成都科华南路这一路段新增一条车道 红星新闻,https://news.google.com/rss/articles/CBMickFVX3lxTE9aRERScWNTYjVaMjJETzI0VXU1cU1Jb2Vaa0lOaTdaaUNfNFJ2U0JNUV9nMlVMLWRTTFlBMVJJdjlwenRwVFdwMllCSzVLbE53NEZNYkE1TFd0ZW9Vemd3X0xaZnlTR1RxLUJJX3g4VzdxZw?oc=5,2025-10-25 07:00:00,google_news,成都 治堵,42.0,general
700万辆车的成都治堵_新浪新闻 - 手机新浪网,700万辆车的成都治堵_新浪新闻 手机新浪网,700万辆车的成都治堵_新浪新闻 - 手机新浪网 700万辆车的成都治堵_新浪新闻 手机新浪网,https://news.google.com/rss/articles/CBMiY0FVX3lxTE8xRDFkTVlXejJTb0ZKTUxDMjN1OTc5V2o0MXo2aXp1N3NmV2QxM2FaVjlSQUtUSzd4MG5qbVd4UW9uSjFqekUwbVBpTUF3S2liajJodkMwYjVKOGF6V3c4RWVYOA?oc=5,2025-10-21 07:00:00,google_news,成都 治堵,42.0,general
成都海昌路交通治堵出新招 天府微巴4号线上线以来日均客流涨幅最高达44.37% - 四川经济网,成都海昌路交通治堵出新招 天府微巴4号线上线以来日均客流涨幅最高达44.37% 四川经济网,成都海昌路交通治堵出新招 天府微巴4号线上线以来日均客流涨幅最高达44.37% - 四川经济网 成都海昌路交通治堵出新招 天府微巴4号线上线以来日均客流涨幅最高达44.37% 四川经济网,https://news.google.com/rss/articles/CBMiW0FVX3lxTE1RdTRPOEJLWEZjQnY5b3VpVm5KMHE4NTJNcHJkeUpQdVE3ZWRQTGEtbEk2czN1cUdPekZ2M29zc1BDVUpMRDdDYzJ2NGVqamtSaVZRTi1yMjB3R28?oc=5,2025-04-24 07:00:00,google_news,成都 治堵,42.0,general
成都两会进行时｜面对面讲“干货”，一场“交通治堵”的焦点对话 - 川观新闻,成都两会进行时｜面对面讲“干货”，一场“交通治堵”的焦点对话 川观新闻,成都两会进行时｜面对面讲“干货”，一场“交通治堵”的焦点对话 - 川观新闻 成都两会进行时｜面对面讲“干货”，一场“交通治堵”的焦点对话 川观新闻,https://news.google.com/rss/articles/CBMiTkFVX3lxTE9Vb1gtUlUyUlNhQkNXTWYwM0JxVDlGV3ZoWmZkUWtxT2pyb0pJNmFyQ2g3SzFzcjhJNlBpWjRWXzd5a3FkWVNrZTFBcXc3QQ?oc=5,2025-02-27 08:00:00,google_news,成都 治堵,42.0,general
【#成都拟增加二环路匝道#】1月2日，成都市交通治堵新闻通气会举行，会上，介绍了自去年10月底开展治堵工作以来的工作成效，并发布了成都市交通治堵第二批堵点任务清单。那么，第二批次交通治堵市住建局采取的工程措施与第一批次有哪些区别呢？（via：锦观新 - 手机新浪网,【#成都拟增加二环路匝道#】1月2日，成都市交通治堵新闻通气会举行，会上，介绍了自去年10月底开展治堵工作以来的工作成效，并发布了成都市交通治堵第二批堵点任务清单。那么，第二批次交通治堵市住建局采取的工程措施与第一批次有哪些区别呢？（via：锦观新 手机新浪网,【#成都拟增加二环路匝道#】1月2日，成都市交通治堵新闻通气会举行，会上，介绍了自去年10月底开展治堵工作以来的工作成效，并发布了成都市交通治堵第二批堵点任务清单。那么，第二批次交通治堵市住建局采取的工程措施与第一批次有哪些区别呢？（via：锦观新 - 手机新浪网 【#成都拟增加二环路匝道#】1月2日，成都市交通治堵新闻通气会举行，会上，介绍了自去年10月底开展治堵工作以来的工作成效，并发布了成都市交通治堵第二批堵点任务清单。那么，第二批次交通治堵市住建局采取的工程措施与第一批次有哪些区别呢？（via：锦观新 手机新浪网,https://news.google.com/rss/articles/CBMiY0FVX3lxTFA5RXVDQm53S3p3WGdSQk1sYmE4SGJYVDFUN1lqZF9XQXNRek03d0xBZkcwZ1FGckxxYzBPSGhqY0d6c3JVR3BPSFM4TzdwTWt5SGhjUVNvaktnWDd0TzhVSi1UOA?oc=5,2025-01-02 08:00:00,google_news,成都 治堵,42.0,general
一起来治堵｜直行车道天天堵、左转道却空着？市民建议 成都交警：已整改 - news.qq.com,一起来治堵｜直行车道天天堵、左转道却空着？市民建议 成都交警：已整改 news.qq.com,一起来治堵｜直行车道天天堵、左转道却空着？市民建议 成都交警：已整改 - news.qq.com 一起来治堵｜直行车道天天堵、左转道却空着？市民建议 成都交警：已整改 news.qq.com,https://news.google.com/rss/articles/CBMiVkFVX3lxTFAxbzUweFo5MDNpdG9jMW4zRlRDV25Fam9VTG9Fd0hGckRQOUlZOWVNY1dMLTYtcHYweWMzTVAxeVFua2NxcHhmaWNlejkxUG8zMlhsc05B?oc=5,2024-12-13 08:00:00,google_news,成都 治堵,42.0,general
一起来治堵｜四处“微整”后，青羊区这个五路交叉口“没那么堵了” - 凤凰网,一起来治堵｜四处“微整”后，青羊区这个五路交叉口“没那么堵了” 凤凰网,一起来治堵｜四处“微整”后，青羊区这个五路交叉口“没那么堵了” - 凤凰网 一起来治堵｜四处“微整”后，青羊区这个五路交叉口“没那么堵了” 凤凰网,https://news.google.com/rss/articles/CBMiTEFVX3lxTFAyUks4MFk2SWZTZVdjbnk2Y0RSTEZlbV9JaXV1blFLNVBEVlp5cHBma0t5TGl6V0ZIcUgyQnEyV3NfUTNPbFd4NjU3dmw?oc=5,2024-12-03 08:00:00,google_news,成都 治堵,42.0,general
成都开门治堵 效果如何？交通管理“小切口” 让市民出行更“丝滑” - 新浪网,成都开门治堵 效果如何？交通管理“小切口” 让市民出行更“丝滑” 新浪网,成都开门治堵 效果如何？交通管理“小切口” 让市民出行更“丝滑” - 新浪网 成都开门治堵 效果如何？交通管理“小切口” 让市民出行更“丝滑” 新浪网,https://news.google.com/rss/articles/CBMic0FVX3lxTE0zODVHVjdzN1BpZHFfX0V4VXVNSUpmOEdkWTdiS2xxTThYM2t5ZW5lZ1J3ZElWZlBWX3pTZ1U1ZnV1UFZpeDFhX1JIbDNJZlBtUTFmdjN1dkstTDZLV2R0ZEtSZVctYWRkQ1BlTnVsR3Vvekk?oc=5,2024-11-12 08:00:00,google_news,成都 治堵,42.0,general
一起来治堵｜“四方座谈”后立即见成效！11月7日起，天龙南一路片区实施“单向微循环” - news.qq.com,一起来治堵｜“四方座谈”后立即见成效！11月7日起，天龙南一路片区实施“单向微循环” news.qq.com,一起来治堵｜“四方座谈”后立即见成效！11月7日起，天龙南一路片区实施“单向微循环” - news.qq.com 一起来治堵｜“四方座谈”后立即见成效！11月7日起，天龙南一路片区实施“单向微循环” news.qq.com,https://news.google.com/rss/articles/CBMiVkFVX3lxTE5yc2tGX0dVdUNPMkFDdVI2dkJwbWtxTVlub0pKWV96NGR1NkNta1dFeld5Z000OGJhYVM4bTNBSUNIeWlLQ2lkaXhTVDMxTmJBbUxfYkln?oc=5,2024-11-02 07:00:00,google_news,成都 治堵,42.0,general
成都跃升“汽车第一城”背后：智慧交通治堵 - news.qq.com,成都跃升“汽车第一城”背后：智慧交通治堵 news.qq.com,成都跃升“汽车第一城”背后：智慧交通治堵 - news.qq.com 成都跃升“汽车第一城”背后：智慧交通治堵 news.qq.com,https://news.google.com/rss/articles/CBMiVkFVX3lxTFBTWHRma0pvcDJGYjFJa1JSbDhUa2JVcmZmY2VQSC1fdVNpZEtqWGlXZkZ1c2hvRV8tUEtXcmxNbkRzU1N4OThqLVNrd3I2VzlkbDN1TXN3?oc=5,2023-10-14 07:00:00,google_news,成都 治堵,42.0,general
成都人注意！4月3日晚高峰提前 - 红星新闻,成都人注意！4月3日晚高峰提前 红星新闻,成都人注意！4月3日晚高峰提前 - 红星新闻 成都人注意！4月3日晚高峰提前 红星新闻,https://news.google.com/rss/articles/CBMickFVX3lxTE1vWG4tdE9tc3RZNFhiUmlYZ1FmMFcyR2VUUlJpQmh3dG9ybXNKMFdLQ1Z4YjVKLWZneTN2UHMzTS1OanY5czE3QzRoMFhCZVFVU29qM3JHR0FZMnVidFNwOGtBYjI0NUs4bmx6X25RZVBLQQ?oc=5,2026-04-02 02:17:13,google_news,成都 交通 拥堵,41.0,general
梦龙乐队成都演唱会今日开唱！这份出行攻略请收好 - 凤凰网,梦龙乐队成都演唱会今日开唱！这份出行攻略请收好 凤凰网,梦龙乐队成都演唱会今日开唱！这份出行攻略请收好 - 凤凰网 梦龙乐队成都演唱会今日开唱！这份出行攻略请收好 凤凰网,https://news.google.com/rss/articles/CBMiTEFVX3lxTFBiUjJ4TkIwUUh1Vkc5MjEwVy1ZeTd6RnBCYVFabm5wY1Vval85TVZzMUU0MEt0Q1hqVGhEY2VfcVZUX0RlLW9xNW9veGk?oc=5,2026-03-27 06:14:17,google_news,成都 演唱会 交通,41.0,event
本周五、周日东安湖演唱会出行攻略请收好！ - news.qq.com,本周五、周日东安湖演唱会出行攻略请收好！ news.qq.com,本周五、周日东安湖演唱会出行攻略请收好！ - news.qq.com 本周五、周日东安湖演唱会出行攻略请收好！ news.qq.com,https://news.google.com/rss/articles/CBMiVkFVX3lxTE1uT3Y1VGN4cnlRaktYVkd2Qm1CQTZVQmhqWlVjZjZxbUkyNE84ZTkyZWRtbTVPMjl3X3FpSjhlUXlRWThvSTNkdEpJTmR4eno4NnE5WER3?oc=5,2026-03-27 05:50:00,google_news,成都 演唱会 交通,41.0,event
周杰伦成都被称为史上最离谱演唱会 歌迷狼狈赴约 - 中华网,周杰伦成都被称为史上最离谱演唱会 歌迷狼狈赴约 中华网,周杰伦成都被称为史上最离谱演唱会 歌迷狼狈赴约 - 中华网 周杰伦成都被称为史上最离谱演唱会 歌迷狼狈赴约 中华网,https://news.google.com/rss/articles/CBMicEFVX3lxTE1abXhRRV9kUlZyQU5CUURQTE1xQzBnS1JPWHdSeHBrZ0hJX1l2V3hQQm5MaktKSFpVNlhYVWZQbE1fZXdtaHFhb0t5RHZjdlBpUXRISTJTbDhNM0I4NE5wTUlMMWVwUHpJcFFOZEE1TXc?oc=5,2026-03-02 08:00:00,google_news,成都 演唱会 交通,41.0,event
2026年周杰伦有可能在成都开演唱会吗？场馆条件如何？ - 新浪财经,2026年周杰伦有可能在成都开演唱会吗？场馆条件如何？ 新浪财经,2026年周杰伦有可能在成都开演唱会吗？场馆条件如何？ - 新浪财经 2026年周杰伦有可能在成都开演唱会吗？场馆条件如何？ 新浪财经,https://news.google.com/rss/articles/CBMifkFVX3lxTFBDZmRla240cVhOTXZjX2VTWXRkUnpPYi03VTEtUUplaWhmY2QwSnUwVFdtTnJkNmsyWkRSZllTRGhWYXd2VFRUTS1hWUY5ZjB0cm8wci1oSXdnS3RPSHNqSGhzRXNjZXZ0RXR1VXIwa3JVZFg3VU9UNnVoVnZtUQ?oc=5,2026-03-02 08:00:00,google_news,成都 演唱会 交通,41.0,event
周杰伦2018年演唱会主办方后来是否被追责或处罚了？ - 新浪财经,周杰伦2018年演唱会主办方后来是否被追责或处罚了？ 新浪财经,周杰伦2018年演唱会主办方后来是否被追责或处罚了？ - 新浪财经 周杰伦2018年演唱会主办方后来是否被追责或处罚了？ 新浪财经,https://news.google.com/rss/articles/CBMifkFVX3lxTFBxdkZlVmdjUzg0MGJtZnp2ZTRoNU9odEpHRENYaFNoYm9sY1JhYWhSTTFjTVU4Unozd2dEeVJqUTJUNnh3Ulo1RS0zRmdaTWlkSGNIVEQteHlNbmtkZzFic2tjSG9EUkpXYVU0NnR6RWFlRG1pclhuY1ZHYUhJQQ?oc=5,2026-03-02 08:00:00,google_news,成都 演唱会 交通,41.0,event
周杰伦成都演唱会事件_新浪新闻 - 手机新浪网,周杰伦成都演唱会事件_新浪新闻 手机新浪网,周杰伦成都演唱会事件_新浪新闻 - 手机新浪网 周杰伦成都演唱会事件_新浪新闻 手机新浪网,https://news.google.com/rss/articles/CBMiY0FVX3lxTFAySlJSemtzYXQtUEp6TzVXWjNIOWlGb3lodjRBd1daVV9KWUpJZVFkdXlyOTQ2M3lhczRBelVsYWhwdG5mRlY5cE0tWXdwNllnQjVkQjhxSkM4TFBvV19GN21YSQ?oc=5,2026-03-02 08:00:00,google_news,成都 演唱会 交通,41.0,event
周杰伦成都演唱会遭遇_新浪新闻 - 手机新浪网,周杰伦成都演唱会遭遇_新浪新闻 手机新浪网,周杰伦成都演唱会遭遇_新浪新闻 - 手机新浪网 周杰伦成都演唱会遭遇_新浪新闻 手机新浪网,https://news.google.com/rss/articles/CBMiY0FVX3lxTFBhZXJ6QUEzMVRndkgzTERWTE1mZEd4UElhUHNyNm9CVG9uM2UtRGg4OUt6bUdpQTZiZHpIOUVDUHZFZ1Zrajd3aUxtck5LZDhYLTdyeXdwT0xmaGsxZXV2YjY5VQ?oc=5,2026-03-01 08:00:00,google_news,成都 演唱会 交通,41.0,event
#陈立农[超话]##陈立农演唱会成都站官宣##陈立农人民交通一月刊封面# 明天依旧喜欢你每天的明天数不尽的明天我对你有无限的耐心和无限的爱💕 @陈立农 ​ - 手机新浪网,#陈立农[超话]##陈立农演唱会成都站官宣##陈立农人民交通一月刊封面# 明天依旧喜欢你每天的明天数不尽的明天我对你有无限的耐心和无限的爱💕 @陈立农 ​ 手机新浪网,#陈立农[超话]##陈立农演唱会成都站官宣##陈立农人民交通一月刊封面# 明天依旧喜欢你每天的明天数不尽的明天我对你有无限的耐心和无限的爱💕 @陈立农 ​ - 手机新浪网 #陈立农[超话]##陈立农演唱会成都站官宣##陈立农人民交通一月刊封面# 明天依旧喜欢你每天的明天数不尽的明天我对你有无限的耐心和无限的爱💕 @陈立农 ​ 手机新浪网,https://news.google.com/rss/articles/CBMiY0FVX3lxTE0weWJRQTlFN05hRHROYmpCS3BmeTFKdVlsd2ttTDRmZ0Y0YU9PZml4bGZSVWpScWdKVk4wWTZxRzFZbjk2Tkp0S19NUXl0N3MyaHVqaVZ5RDR0TjRYNHlob0xwWQ?oc=5,2026-01-29 08:00:00,google_news,成都 演唱会 交通,41.0,event
成都龙泉驿公安发布本周演唱会交通出行提示 - 封面新闻,成都龙泉驿公安发布本周演唱会交通出行提示 封面新闻,成都龙泉驿公安发布本周演唱会交通出行提示 - 封面新闻 成都龙泉驿公安发布本周演唱会交通出行提示 封面新闻,https://news.google.com/rss/articles/CBMid0FVX3lxTE9KRGVMWi1CV1oyRU5yV3RmVzNuRzZXZnlGUFlYclZ4Skhfa2xyUlgzVHplNVg0aWlTY1hhWTlBdzdlX2VZWk1TLUFnZFFNNWpzRjlLZ0NqYjBSelNvNWxFS2l3TE9neXR2eHgxR3F6aWFOMy1EbGc4?oc=5,2026-01-07 08:00:00,google_news,成都 演唱会 交通,41.0,event
顶流明星演唱会官宣定档成都 “跟着演出游四川”成新潮流 - 封面新闻,顶流明星演唱会官宣定档成都 “跟着演出游四川”成新潮流 封面新闻,顶流明星演唱会官宣定档成都 “跟着演出游四川”成新潮流 - 封面新闻 顶流明星演唱会官宣定档成都 “跟着演出游四川”成新潮流 封面新闻,https://news.google.com/rss/articles/CBMid0FVX3lxTE1wc3NGV2NJa01VenhqR2ZUcjY3SzFNVW9yTU1WdWczTVYzUlpvbUdvY3Mtak1pcVlhUGp4cG9FQ2Q0VjBhV3NHWXNSUFpxUVdDV1JlcUVNU0phY2k2andLbVVKd2lYRVM5aUlBQlBJTGN6RTJ3Qlpz?oc=5,2025-09-05 07:00:00,google_news,成都 演唱会 交通,41.0,event
🩵五月天成都演唱会散场免费接驳大巴车安排：🚌接驳大巴安排：为保障乘坐公共交通工具的观众朋友安全有序退场，本场演出将在结束后提供免费大巴服务，观众朋友可步行前往场馆西门，约800米处欢喜坡停车场有序乘车。温馨提示：1、运行路线:欢喜坡停车场至连山 - 手机新浪网,🩵五月天成都演唱会散场免费接驳大巴车安排：🚌接驳大巴安排：为保障乘坐公共交通工具的观众朋友安全有序退场，本场演出将在结束后提供免费大巴服务，观众朋友可步行前往场馆西门，约800米处欢喜坡停车场有序乘车。温馨提示：1、运行路线:欢喜坡停车场至连山 手机新浪网,🩵五月天成都演唱会散场免费接驳大巴车安排：🚌接驳大巴安排：为保障乘坐公共交通工具的观众朋友安全有序退场，本场演出将在结束后提供免费大巴服务，观众朋友可步行前往场馆西门，约800米处欢喜坡停车场有序乘车。温馨提示：1、运行路线:欢喜坡停车场至连山 - 手机新浪网 🩵五月天成都演唱会散场免费接驳大巴车安排：🚌接驳大巴安排：为保障乘坐公共交通工具的观众朋友安全有序退场，本场演出将在结束后提供免费大巴服务，观众朋友可步行前往场馆西门，约800米处欢喜坡停车场有序乘车。温馨提示：1、运行路线:欢喜坡停车场至连山 手机新浪网,https://news.google.com/rss/articles/CBMiY0FVX3lxTFBDUHFJVTd1YWJMX09uVWdPSUcwN25kd3BRQkxWbjJRdUcxS19wRDBKMGdPN3M5Sk9pOWdSWE1IeWlqU0N1MDNDdVFEMXZBdlczaUlocktjUzZka0k1WHZ4Z19MMA?oc=5,2024-09-27 07:00:00,google_news,成都 演唱会 交通,41.0,event
半年时间29场演唱会、超60万人次打卡 成都龙泉驿东安湖演艺市场乘风起 - 封面新闻,半年时间29场演唱会、超60万人次打卡 成都龙泉驿东安湖演艺市场乘风起 封面新闻,半年时间29场演唱会、超60万人次打卡 成都龙泉驿东安湖演艺市场乘风起 - 封面新闻 半年时间29场演唱会、超60万人次打卡 成都龙泉驿东安湖演艺市场乘风起 封面新闻,https://news.google.com/rss/articles/CBMigwFBVV95cUxQTkNCNkprVnp3SWo0dmw4bDlscjIwSlVqd2lZaTVRVmxHVWtFMmhXWTRpSmRVMlNBTzZFdEJnMWd3Q19sSzlNRTJ1OGNuX1dZdzR3SGhDQW5nMXRYWTVNUDNlRmF1NkFnc1hXLVNkS3g3WW1RRDlvWG16VDh5MDFUNmJlQQ?oc=5,2024-02-25 08:00:00,google_news,成都 演唱会 交通,41.0,event
太能打！张学友成都演唱会票房收入约2.2亿，今年还有16个演唱会在路上 - 华龙网,太能打！张学友成都演唱会票房收入约2.2亿，今年还有16个演唱会在路上 华龙网,太能打！张学友成都演唱会票房收入约2.2亿，今年还有16个演唱会在路上 - 华龙网 太能打！张学友成都演唱会票房收入约2.2亿，今年还有16个演唱会在路上 华龙网,https://news.google.com/rss/articles/CBMikwFBVV95cUxQR1luUS1HYjktTnk0NklFcHROYkdJZkUxMkp4cC1ORWhQOGswTk5QM3ctTlRvdFkzYmJFb1lEMndSRUdZWjlvNlhzUlh2cW56Wjk1WF90UGxtREVPdmdJd3NSTjRITVp2dmFsQm9vNUM2N1VOLWM5TGpLUXFPcWdsVC1PMldqNWdtYkFvOE9HbHlMWkk?oc=5,2023-11-06 08:00:00,google_news,成都 演唱会 交通,41.0,event
要去成都东安湖体育公园看蔡依林演唱会的成都市民 出行提示来了！ - sichuan.scol.com.cn,要去成都东安湖体育公园看蔡依林演唱会的成都市民 出行提示来了！ sichuan.scol.com.cn,要去成都东安湖体育公园看蔡依林演唱会的成都市民 出行提示来了！ - sichuan.scol.com.cn 要去成都东安湖体育公园看蔡依林演唱会的成都市民 出行提示来了！ sichuan.scol.com.cn,https://news.google.com/rss/articles/CBMiY0FVX3lxTE42STFQLW95eEdxemFEa2ZhLW5jT3Y3TUxDckNoa2NEUWNOOXYyYkNIYjR5M1BUSmdKNVRUVG1SU3RVRTZzSWRTMURmMXpTMmJrV1M3YVVtOGV3VUhBNTR2RmhzYw?oc=5,2023-09-21 07:00:00,google_news,成都 演唱会 交通,41.0,event
成都交警重要提醒！事关薛之谦演唱会-腾讯新闻 - news.qq.com,成都交警重要提醒！事关薛之谦演唱会-腾讯新闻 news.qq.com,成都交警重要提醒！事关薛之谦演唱会-腾讯新闻 - news.qq.com 成都交警重要提醒！事关薛之谦演唱会-腾讯新闻 news.qq.com,https://news.google.com/rss/articles/CBMiVkFVX3lxTFBjeFhGV0Y2b2xjU3ctR1JZaU5YMk9td0Yycnh3OXplQklKSVBrcXJaamVlSmhNOC1oT0NJOEU3NE1yX2pUOF9NRzYxUzN3cVIzUDc4WXhB?oc=5,2023-09-09 07:00:00,google_news,成都 演唱会 交通,41.0,event
成都武汉南京苏州重庆合肥宁波常州地铁客流新高_新浪新闻 - 手机新浪网,成都武汉南京苏州重庆合肥宁波常州地铁客流新高_新浪新闻 手机新浪网,成都武汉南京苏州重庆合肥宁波常州地铁客流新高_新浪新闻 - 手机新浪网 成都武汉南京苏州重庆合肥宁波常州地铁客流新高_新浪新闻 手机新浪网,https://news.google.com/rss/articles/CBMiY0FVX3lxTE1uaXFYV1VqS0NpdmtTbnVOYVl3QUNLaENDQ2s1VTVxVlJROUd0dGl1eGs3ZEJFU1BQNzlXeFZnekl0R3N4MHVIZXJEbVEtTnAzNFZSanQxTWxuek5sa0JlNkJNNA?oc=5,2026-04-06 01:45:00,google_news,成都 地铁 客流,40.0,transit
成都地铁昨日客流768.19万_新浪新闻 - 手机新浪网,成都地铁昨日客流768.19万_新浪新闻 手机新浪网,成都地铁昨日客流768.19万_新浪新闻 - 手机新浪网 成都地铁昨日客流768.19万_新浪新闻 手机新浪网,https://news.google.com/rss/articles/CBMiY0FVX3lxTFBXSmluZFJuMHU1Mm5uWkdQU0VDb2hfV0h5MWh3QWlrRWVYRUFqNkJiR1A3Y1JHOE8tR3dHUVVrSERrY1Fac2lRQmhKaWpyeGZFVjA1NXVXQ2xWNVpsZW9JSnpKNA?oc=5,2026-04-01 23:01:00,google_news,成都 地铁 客流,40.0,transit
地铁客流及运输研究阿牛 26-03-30 22:27 - 手机新浪网,地铁客流及运输研究阿牛 26-03-30 22:27 手机新浪网,地铁客流及运输研究阿牛 26-03-30 22:27 - 手机新浪网 地铁客流及运输研究阿牛 26-03-30 22:27 手机新浪网,https://news.google.com/rss/articles/CBMiY0FVX3lxTE1KQXM3Y2c5WXduaFFHMmNXUDdPb00yN2ZHMzVTV0dVWDNSZWlUanQ2Z25ubDNnY0llSkZEa2QxSS1sbFEtaE93RmNZMFRpMF81MmFyNGNpR2xiRy1sbVZYQkhONA?oc=5,2026-03-30 14:27:00,google_news,成都 地铁 客流,40.0,transit
成都地铁昨日客流491.51万_新浪新闻 - 手机新浪网,成都地铁昨日客流491.51万_新浪新闻 手机新浪网,成都地铁昨日客流491.51万_新浪新闻 - 手机新浪网 成都地铁昨日客流491.51万_新浪新闻 手机新浪网,https://news.google.com/rss/articles/CBMiY0FVX3lxTE9jMXc1Rmx2QUxTZFMzT0VxeUF0VE1lNXVncmxtbzMwbmtnU3hzUVVTNXU4dnVOeWxiVjFrdnl4SDQzemFLUWxYcF9GeXl4ZHhtWUk2MHQxOExlUV9OelowUE9nNA?oc=5,2026-03-29 23:46:00,google_news,成都 地铁 客流,40.0,transit
地铁客流及运输研究阿牛 26-03-27 19:31 - 手机新浪网,地铁客流及运输研究阿牛 26-03-27 19:31 手机新浪网,地铁客流及运输研究阿牛 26-03-27 19:31 - 手机新浪网 地铁客流及运输研究阿牛 26-03-27 19:31 手机新浪网,https://news.google.com/rss/articles/CBMiY0FVX3lxTE5feTBpaGlSaG9GZzhlcVBzUnBFYXBTMHRDWlR6TXp4dW9fRWg3bDAtRzVTc0szTU9laTNNZ04tSkRQbWJ5SmxsV1dKNGJGeTJYOXotajVNNHpncmF0R1cyWDN0SQ?oc=5,2026-03-27 07:00:00,google_news,成都 地铁 客流,40.0,transit
地铁客流及运输研究阿牛 26-03-26 11:22 - 手机新浪网,地铁客流及运输研究阿牛 26-03-26 11:22 手机新浪网,地铁客流及运输研究阿牛 26-03-26 11:22 - 手机新浪网 地铁客流及运输研究阿牛 26-03-26 11:22 手机新浪网,https://news.google.com/rss/articles/CBMiY0FVX3lxTE9OWXhudmhhdFBjVDRkQ3p3NFJEWU5NaWszalEwODk4X21mV0ptSG5WWHpMVmRzVW00YmJNb3Nvc25KaVJBdmJKNXNhWHNIeEtucWY0R1pEc2JuOTFRZzVPZzIyWQ?oc=5,2026-03-26 07:00:00,google_news,成都 地铁 客流,40.0,transit
地铁客流及运输研究阿牛 26-03-25 16:29 - 手机新浪网,地铁客流及运输研究阿牛 26-03-25 16:29 手机新浪网,地铁客流及运输研究阿牛 26-03-25 16:29 - 手机新浪网 地铁客流及运输研究阿牛 26-03-25 16:29 手机新浪网,https://news.google.com/rss/articles/CBMiY0FVX3lxTE5nV05jbWVORkYzN1RMcjdUY3JiMk40ZENRWXgwd3oxd0RTRHNRRjhNSFpaU2ZRWWpheEtLOF81amo2UTZRWXFiUkJCY0U2eFFIVS1fTjl3Z3BiQ3VpNzFuT19FVQ?oc=5,2026-03-25 07:00:00,google_news,成都 地铁 客流,40.0,transit
甜蜜同行16载，成都地铁与糖酒会共绘“甜蜜”轨迹 - thepaper.cn,甜蜜同行16载，成都地铁与糖酒会共绘“甜蜜”轨迹 thepaper.cn,甜蜜同行16载，成都地铁与糖酒会共绘“甜蜜”轨迹 - thepaper.cn 甜蜜同行16载，成都地铁与糖酒会共绘“甜蜜”轨迹 thepaper.cn,https://news.google.com/rss/articles/CBMiXkFVX3lxTFBuWHIyYzB0NjNLSDI3VGRPX0hlOXBiOFZHSWhkY3h1MURGUEdkR3RIdXhVQmtZQlhLSWVuU2s1dS15MmFhcnI1dFdaX2lsNjFoRUVYc0RqOEtzVllELXc?oc=5,2026-03-24 07:00:00,google_news,成都 地铁 客流,40.0,transit
成都地铁客运量736.61万人次_新浪新闻 - 手机新浪网,成都地铁客运量736.61万人次_新浪新闻 手机新浪网,成都地铁客运量736.61万人次_新浪新闻 - 手机新浪网 成都地铁客运量736.61万人次_新浪新闻 手机新浪网,https://news.google.com/rss/articles/CBMiY0FVX3lxTE9DTU1sbUllV2NVb1VrNE1HazlJWHFCRVl0ZVQxdEtGbHRyWEtkUzdHTDNiNHVEaUVLUE5ZM0ZZdXBBd3hIQV93aXRaWG9zeEhPR3hBdjljNGRlcVNPbWpQd3Y3dw?oc=5,2026-03-24 07:00:00,google_news,成都 地铁 客流,40.0,transit
成都地铁 26-03-24 09:40 - 手机新浪网,成都地铁 26-03-24 09:40 手机新浪网,成都地铁 26-03-24 09:40 - 手机新浪网 成都地铁 26-03-24 09:40 手机新浪网,https://news.google.com/rss/articles/CBMiY0FVX3lxTE4xTHZfSko0SjlKaHRqTXBtLTUybV9ZTHZqc0RORThZcDg2cVNtVHR6czVuOVlzOWYxWWs2SEN6NHJzNWZqcjFhMzJzSEdFNHFGVWZYY0k2U2JjMmdMM3B0Q3dvMA?oc=5,2026-03-24 07:00:00,google_news,成都 地铁 客流,40.0,transit
成都地铁： - 手机新浪网,成都地铁： 手机新浪网,成都地铁： - 手机新浪网 成都地铁： 手机新浪网,https://news.google.com/rss/articles/CBMiY0FVX3lxTE5DZEZsR0JhYkNqMUVMMzNoX3BIUG1NRkF6a1lERTdGUmpRNXV3UC1YWU9jazRheV9XdkZyS2V3WThqVXFvdFV2NmltZjJBZ2tZWW1SSmgwNkRJdVdNUlJNMHIzTQ?oc=5,2026-03-21 07:00:00,google_news,成都 地铁 客流,40.0,transit
根据客流、室外天气自主调温 成都地铁上新“最懂乘客”的空调 - 封面新闻,根据客流、室外天气自主调温 成都地铁上新“最懂乘客”的空调 封面新闻,根据客流、室外天气自主调温 成都地铁上新“最懂乘客”的空调 - 封面新闻 根据客流、室外天气自主调温 成都地铁上新“最懂乘客”的空调 封面新闻,https://news.google.com/rss/articles/CBMid0FVX3lxTFBWY1hKTEN4c0FYbFRqNWpfZHMzWHRKSkljMVVYU0pzTldfQmVHSV82T0RKd09xVlh2VUY5Uk1XTmFJaFphQzladzhsQkNBX1hWWEF0UGUxVE55M1JlcGhXdkhTR2kyb1pzdmJ3dU1NZXpTNWY2SnVj?oc=5,2026-03-18 07:00:00,google_news,成都 地铁 客流,40.0,transit
成都地铁 26-03-18 10:50 - 手机新浪网,成都地铁 26-03-18 10:50 手机新浪网,成都地铁 26-03-18 10:50 - 手机新浪网 成都地铁 26-03-18 10:50 手机新浪网,https://news.google.com/rss/articles/CBMiY0FVX3lxTE5peEtLSDQ3UFZubEtOT2habU1fQnd4bTFRX0lrUjVpbERqeHdFT19KVnFxMmp0dGphVjlRbVp6S1duMmdrVm5jZmZSY0ZmeVE3MjEzZ0VLWnczTlJZWGlnM2xwUQ?oc=5,2026-03-18 07:00:00,google_news,成都 地铁 客流,40.0,transit
根据客流、室外天气自主调温 成都地铁上新“最懂乘客”的空调 - 新浪财经,根据客流、室外天气自主调温 成都地铁上新“最懂乘客”的空调 新浪财经,根据客流、室外天气自主调温 成都地铁上新“最懂乘客”的空调 - 新浪财经 根据客流、室外天气自主调温 成都地铁上新“最懂乘客”的空调 新浪财经,https://news.google.com/rss/articles/CBMigwFBVV95cUxQc0lJTlo2YTJkYnMwSFZ6bTFZVWlOTnZ4MjVXLXFyWFVOenNoeUlZSzRoWDRHczQtUDRZV1RuZ21hTTd5YVNpU0tIYUk1UFNER1pGNkd4V0cwRWU0Tkx1dW1yOEREVGJlRWFWV3R0NGlkeV9ZLUp2aFB6RkIxX3FOdlFqVQ?oc=5,2026-03-18 07:00:00,google_news,成都 地铁 客流,40.0,transit
地铁客流及运输研究阿牛 26-03-09 10:27 - 手机新浪网,地铁客流及运输研究阿牛 26-03-09 10:27 手机新浪网,地铁客流及运输研究阿牛 26-03-09 10:27 - 手机新浪网 地铁客流及运输研究阿牛 26-03-09 10:27 手机新浪网,https://news.google.com/rss/articles/CBMiY0FVX3lxTE1RbWM4NVZ2SmJsUFFPWFVXdTB1MXZHdkgySV8zMGZiWmtPODFnVWVsTjNPaDJkaUZmR1FaWDk2a1l1WHlDeW5xbW5LU0t2TUJXN1lDYkNvdVZfbGNSa0hxUEV5QQ?oc=5,2026-03-09 07:00:00,google_news,成都 地铁 客流,40.0,transit
成都地铁 26-02-24 20:00 - 手机新浪网,成都地铁 26-02-24 20:00 手机新浪网,成都地铁 26-02-24 20:00 - 手机新浪网 成都地铁 26-02-24 20:00 手机新浪网,https://news.google.com/rss/articles/CBMiY0FVX3lxTE96YkhlRExDdUxnR2VJblkwdzZnUmRRNFBnakhsUDhUVHVEYzJubVRlSlpxUGNHekRDVXdQVE9uR2ZOVnZUWmhVVUd6ZEI2WkxSbEhfT1F6Y0hVTXlHMUM5NUFHcw?oc=5,2026-02-24 08:00:00,google_news,成都 地铁 客流,40.0,transit
成都地铁春节客流增长_新浪新闻 - 手机新浪网,成都地铁春节客流增长_新浪新闻 手机新浪网,成都地铁春节客流增长_新浪新闻 - 手机新浪网 成都地铁春节客流增长_新浪新闻 手机新浪网,https://news.google.com/rss/articles/CBMiY0FVX3lxTE01UG5EZ2dPY0Fyc1RjZ21sWjBEMWs2elZIR1ZONnpQVE84Nnl6aXprbVZjLXRzQnpNSk01S0pIdms2cm1xTGdvcUxta3ZwQ3I3ZnZxS1NwYWwzRFNteWV2eHVFcw?oc=5,2026-02-24 08:00:00,google_news,成都 地铁 客流,40.0,transit
成都地铁 26-02-24 19:20 - 手机新浪网,成都地铁 26-02-24 19:20 手机新浪网,成都地铁 26-02-24 19:20 - 手机新浪网 成都地铁 26-02-24 19:20 手机新浪网,https://news.google.com/rss/articles/CBMiY0FVX3lxTE8tdWtxbXpxMFBZRUx3bnNteEp0dE1lRHpYV0YyOFpMZHpSMUhYQTZwSm4xUU40WGMxRjE2c01SS1YyTm5CZno1NkJXeDZsMUloS29TS1c0SUhkS2VnbWR1VE12aw?oc=5,2026-02-24 08:00:00,google_news,成都 地铁 客流,40.0,transit
成都地铁2026年客流预测_新浪新闻 - 手机新浪网,成都地铁2026年客流预测_新浪新闻 手机新浪网,成都地铁2026年客流预测_新浪新闻 - 手机新浪网 成都地铁2026年客流预测_新浪新闻 手机新浪网,https://news.google.com/rss/articles/CBMiY0FVX3lxTE9Lb0lZSWFadXBuWW5PeUNScEFOaklOcGZsa1RtbTNlaEtHQ0cwUU9Wdi0wb0FmWXQ3bjE4eWN1Ry0zaFozSl9PYUwwc2dkZGJaMjE1eVZ2U2ZyS0RYckFHdGJxWQ?oc=5,2026-02-24 08:00:00,google_news,成都 地铁 客流,40.0,transit
成都地铁客流实况_新浪新闻 - 手机新浪网,成都地铁客流实况_新浪新闻 手机新浪网,成都地铁客流实况_新浪新闻 - 手机新浪网 成都地铁客流实况_新浪新闻 手机新浪网,https://news.google.com/rss/articles/CBMiY0FVX3lxTE8yeTdBSWNldkwtLVBiRk1YeU5ROU1nb2hZeWtkYTVxaG84U3pDOV9DRVZjRncwN2VMZXJNaXpMOER3Z1dEYTRGTFVOVC1NZjFZeXp5Qks0b0hTbWc3RFBrM0s3RQ?oc=5,2026-02-18 08:00:00,google_news,成都 地铁 客流,40.0,transit
地铁客流及运输研究阿牛 26-02-06 09:22 - 手机新浪网,地铁客流及运输研究阿牛 26-02-06 09:22 手机新浪网,地铁客流及运输研究阿牛 26-02-06 09:22 - 手机新浪网 地铁客流及运输研究阿牛 26-02-06 09:22 手机新浪网,https://news.google.com/rss/articles/CBMiY0FVX3lxTE1xYjhhUDdEMGFFbVptcG45MjktRXZ4OVN3S1JKMFBlUEg4ZkR5RUo0bmZmWk0teVltOERHMUc2OWFMaERrNGNMTE1pTm5rcDZXYU4wTE8yOWx4NFVtTnJGS05JNA?oc=5,2026-02-06 08:00:00,google_news,成都 地铁 客流,40.0,transit
成都地铁：春运期间“加车+延时”疏导客流 - sichuan.scol.com.cn,成都地铁：春运期间“加车+延时”疏导客流 sichuan.scol.com.cn,成都地铁：春运期间“加车+延时”疏导客流 - sichuan.scol.com.cn 成都地铁：春运期间“加车+延时”疏导客流 sichuan.scol.com.cn,https://news.google.com/rss/articles/CBMiY0FVX3lxTE9oLWs2dTdkWUc2c3JEakQ3YWdESHBmYU0wTVdsTDFvLW9RMVE5UkpEazc5bkxuU01VRU9DTDNoSHlXa3IyVEd4bUNNbXprc01CR1hoU09HMC1HdmY1ci1lamc3Yw?oc=5,2026-02-02 08:00:00,google_news,成都 地铁 客流,40.0,transit
成都元旦假期地铁客流超1663万人次 - sc.chinanews.com.cn,成都元旦假期地铁客流超1663万人次 sc.chinanews.com.cn,成都元旦假期地铁客流超1663万人次 - sc.chinanews.com.cn 成都元旦假期地铁客流超1663万人次 sc.chinanews.com.cn,https://news.google.com/rss/articles/CBMia0FVX3lxTE5CbG9PeUdGUlpUTjBiU1Z6N2JWR1FQZzFUbkQzV0ZYWEF1OTNOTTNQMGdySW93NkthT3EyZWRJci1ic19zNnZFTWFyczJkN1g5dWJfVTFNT1dsRVJ4M054MFEtUEROaHdnbm5z?oc=5,2026-01-04 08:00:00,google_news,成都 地铁 客流,40.0,transit
1003.09万人次！成都地铁客运量再创新高 - sc.chinanews.com.cn,1003.09万人次！成都地铁客运量再创新高 sc.chinanews.com.cn,1003.09万人次！成都地铁客运量再创新高 - sc.chinanews.com.cn 1003.09万人次！成都地铁客运量再创新高 sc.chinanews.com.cn,https://news.google.com/rss/articles/CBMia0FVX3lxTE9kU2YyOWJoZU40bFZ1Q0k4aVFLTnppOWJ0ZFhpcDdEMlg4MC12VTRBbnJzV1lONHhHWTJscHY3MU5XZmtielVhb0RHanAzWTdEUXRYODgwZEE2LUt1dzNjN0dtR1lBTGtNVi1J?oc=5,2026-01-01 08:00:00,google_news,成都 地铁 客流,40.0,transit
成都地铁运营 25-10-18 09:02 - 手机新浪网,成都地铁运营 25-10-18 09:02 手机新浪网,成都地铁运营 25-10-18 09:02 - 手机新浪网 成都地铁运营 25-10-18 09:02 手机新浪网,https://news.google.com/rss/articles/CBMiY0FVX3lxTFBfekdTV3g4cHo2aHNOcE5vY2hJR3JoV0lHY3c0M29zeFl1N3NtM2JTeXZlTEI3UE1WaTRIMEFSSjdPbURVV1l2cWJHLTk5NkFaS2JRVHV4N0tZTnRCMDZxRUl2Yw?oc=5,2025-10-18 07:00:00,google_news,成都 地铁 客流,40.0,transit
成都地铁“五一成绩单”出炉：春熙路站单日进站创新高 - sichuan.scol.com.cn,成都地铁“五一成绩单”出炉：春熙路站单日进站创新高 sichuan.scol.com.cn,成都地铁“五一成绩单”出炉：春熙路站单日进站创新高 - sichuan.scol.com.cn 成都地铁“五一成绩单”出炉：春熙路站单日进站创新高 sichuan.scol.com.cn,https://news.google.com/rss/articles/CBMiY0FVX3lxTE5aUVRHNk40UmwyWjlCV0FkQmo3ZEtBeVJBM1ZqeG5GUW9OZTllZHk2N3FYdG83blVsSmZCTzJZOHVYV2Ixb3BqRlhHLWZmWDY5QnRsb0M3T0NudEVnU0ptZ2YxMA?oc=5,2025-05-06 07:00:00,google_news,成都 地铁 客流,40.0,transit
3888万人次！成都地铁国庆“流量单”出炉， 43个站点创新高 - sichuan.scol.com.cn,3888万人次！成都地铁国庆“流量单”出炉， 43个站点创新高 sichuan.scol.com.cn,3888万人次！成都地铁国庆“流量单”出炉， 43个站点创新高 - sichuan.scol.com.cn 3888万人次！成都地铁国庆“流量单”出炉， 43个站点创新高 sichuan.scol.com.cn,https://news.google.com/rss/articles/CBMiY0FVX3lxTE90OEdEN0x1SGZCTVAwWTFRdlpYdUZGblFSUmxJYjA1cEJXanE1dkVFLWpDbTVNOW5tV05nZXN5bU92QWhESFBUaElTUG1pWDZQazRaN2RYbjN1YUNNVXBCSjRuTQ?oc=5,2024-10-08 07:00:00,google_news,成都 演唱会 交通,40.0,transit
吃着茶歇听着歌，我竟然在公交车上边玩边买？丨消费探新⑤ - sichuan.scol.com.cn,吃着茶歇听着歌，我竟然在公交车上边玩边买？丨消费探新⑤ sichuan.scol.com.cn,吃着茶歇听着歌，我竟然在公交车上边玩边买？丨消费探新⑤ - sichuan.scol.com.cn 吃着茶歇听着歌，我竟然在公交车上边玩边买？丨消费探新⑤ sichuan.scol.com.cn,https://news.google.com/rss/articles/CBMiY0FVX3lxTFBnYWtNYmo1WGg5NGJXNDE5RjI3LUpJd1JhQTBiTS1jTkxRWFBhVHpBTVhCQ1hwWDdXbzBnYl9KeWFvS0JGZU1PX29seGFrdG8zbko1RXRKZmVDQ1pVdlhWZzYzUQ?oc=5,2025-10-16 07:00:00,google_news,成都 演唱会 交通,39.0,transit
喝着茶听着歌 公交车上边玩边买 - 四川日报,喝着茶听着歌 公交车上边玩边买 四川日报,喝着茶听着歌 公交车上边玩边买 - 四川日报 喝着茶听着歌 公交车上边玩边买 四川日报,https://news.google.com/rss/articles/CBMiakFVX3lxTE16MTIwemhXT2QyV3E2Wk13Y3pjbDU2QlRBUG00SEhXeWhTT3l6TUhBOGRWa0Z4cmM3dmJ2bUYzNWJmd0tQTUR1U3RwTHlNUThKOC1TX21ZN0EzODFvRUE0Y18tZVRJUXRsSHc?oc=5,2025-10-11 07:00:00,google_news,成都 演唱会 交通,39.0,transit
破解专用道“不敢上”难题，成都公交车化身“移动指示牌” - sichuan.scol.com.cn,破解专用道“不敢上”难题，成都公交车化身“移动指示牌” sichuan.scol.com.cn,破解专用道“不敢上”难题，成都公交车化身“移动指示牌” - sichuan.scol.com.cn 破解专用道“不敢上”难题，成都公交车化身“移动指示牌” sichuan.scol.com.cn,https://news.google.com/rss/articles/CBMiY0FVX3lxTE9JZ0d2aEtGdHRtUWlXSGNObXZFQng1NDBpbTNEbnBQLUQtQzdEUEdPejdJZHZsOWd5N19qSzFmME81QmQ1d3FoempJcFNyOTV5eHZzcUdvRmNnaDBPbUJLNlZWMA?oc=5,2025-03-10 07:00:00,google_news,成都 治堵,39.0,transit
成都西安南京客流历史第二_新浪新闻 - 手机新浪网,成都西安南京客流历史第二_新浪新闻 手机新浪网,成都西安南京客流历史第二_新浪新闻 - 手机新浪网 成都西安南京客流历史第二_新浪新闻 手机新浪网,https://news.google.com/rss/articles/CBMiY0FVX3lxTFB5QnQxODA2dFBKVDlCeWpBaE81YnRSWkZ2aVRlUTQ4R18zVUo0V3dpUFFKR3JHeHV4RnZtRU4yczU0Q1RKUWVGTjJ1SDQyT0Jvd2p4TlY4dlhZUWpqRGdDeUk4Yw?oc=5,2026-04-04 03:50:00,google_news,成都 地铁 客流,35.0,general
明日，我市海棠花节正式开幕，五大道地区交通管控。 ​ - 手机新浪网,明日，我市海棠花节正式开幕，五大道地区交通管控。 ​ 手机新浪网,明日，我市海棠花节正式开幕，五大道地区交通管控。 ​ - 手机新浪网 明日，我市海棠花节正式开幕，五大道地区交通管控。 ​ 手机新浪网,https://news.google.com/rss/articles/CBMiY0FVX3lxTE05clJEV25leWJsclFROWxNNi1fVmFYRERWVl8zeTBDOGQyNkhsX01pbElseGQ1ZmwtcWQ4VWVZUUtVUTNiN1lFQ3ZPNVUxMzRlX3NXT3VsaE9UNnlCeTFCT3RMYw?oc=5,2026-04-02 13:30:00,google_news,成都 演唱会 交通,35.0,general
哪里易堵？怎么绕行？成都交警发布清明假期两公布一提示 - sichuan.scol.com.cn,哪里易堵？怎么绕行？成都交警发布清明假期两公布一提示 sichuan.scol.com.cn,哪里易堵？怎么绕行？成都交警发布清明假期两公布一提示 - sichuan.scol.com.cn 哪里易堵？怎么绕行？成都交警发布清明假期两公布一提示 sichuan.scol.com.cn,https://news.google.com/rss/articles/CBMiY0FVX3lxTE9nSHJvb211OVNmVFZDVmpUUlA4UmNWMjNuQWNwWU5MMDF5VGc1X2wxLXZwejR1Q0dudERwSElJdnVldzFSX0lBSE5vSGZqbDlFemF2MzVSckFBVGRyMU1RcWNtYw?oc=5,2026-04-01 11:51:51,google_news,成都 交通 拥堵,35.0,general
全国首辆“曲艺巴士”在成都发车 - 新浪财经,全国首辆“曲艺巴士”在成都发车 新浪财经,全国首辆“曲艺巴士”在成都发车 - 新浪财经 全国首辆“曲艺巴士”在成都发车 新浪财经,https://news.google.com/rss/articles/CBMieEFVX3lxTE1UalhyVm5hVFlCMUcza254S1hYWU80cTNmV0U1MGRDVHo4a3NYUFk2Z3l6czlRc0tSaTRya2IxS0NTRUtvdHNnd0ZKc3JicElSX0pQRzNVSldpRjJSTUdpQlhNQ2NXYVRsWVpHRHZEUXRZM3VhMzBqSQ?oc=5,2026-03-29 18:05:00,google_news,成都 演唱会 交通,35.0,general
全国首辆曲艺巴士 今日首次发车 - 封面新闻,全国首辆曲艺巴士 今日首次发车 封面新闻,全国首辆曲艺巴士 今日首次发车 - 封面新闻 全国首辆曲艺巴士 今日首次发车 封面新闻,https://news.google.com/rss/articles/CBMiY0FVX3lxTFA2T2h3ai02ZUVPMGFub292YWlVQlgwUW1YZFlCdk9fNGk1WExnNV8tMDF5UHVnT09Ob0REUnlINUR1aDU0aXlSVWVNcUhlVHJudjU0MGVrLXJkNTd0VGFwYVhDOA?oc=5,2026-03-26 18:53:00,google_news,成都 演唱会 交通,35.0,general
糖酒会开幕交通管控提醒_新浪新闻 - 手机新浪网,糖酒会开幕交通管控提醒_新浪新闻 手机新浪网,糖酒会开幕交通管控提醒_新浪新闻 - 手机新浪网 糖酒会开幕交通管控提醒_新浪新闻 手机新浪网,https://news.google.com/rss/articles/CBMiY0FVX3lxTE1DODhtYXJIOUZqU1NINFVpaVpnbzQ2cXRfNWIyWmpuWkliMDV6TkFWN080eEJ6aEhWY2xDSXJqSXZ4X0Q1RUhsdms1b1dDbzFjcGlnNUM3dktoWm9qYzBVcEUtOA?oc=5,2026-03-25 07:00:00,google_news,成都 演唱会 交通,35.0,general
于适巡演成都双场售罄_新浪新闻 - 手机新浪网,于适巡演成都双场售罄_新浪新闻 手机新浪网,于适巡演成都双场售罄_新浪新闻 - 手机新浪网 于适巡演成都双场售罄_新浪新闻 手机新浪网,https://news.google.com/rss/articles/CBMiY0FVX3lxTE42YS1OSGpCcTZOZVJDMGZ5YnY4VXNrUzZXOVBfdEtFejR3eXVPbF9NRHVXNzlTU3V5bGlBM1Viek5XVEdpR2pBNnc1ZVo0RTl2VW1nNVRzV2hYTHhSVjlUakc0NA?oc=5,2026-03-25 07:00:00,google_news,成都 演唱会 交通,35.0,general
薛之谦在2023年成都带病坚持演出后，具体是如何处理退票和路费的？ - 新浪财经,薛之谦在2023年成都带病坚持演出后，具体是如何处理退票和路费的？ 新浪财经,薛之谦在2023年成都带病坚持演出后，具体是如何处理退票和路费的？ - 新浪财经 薛之谦在2023年成都带病坚持演出后，具体是如何处理退票和路费的？ 新浪财经,https://news.google.com/rss/articles/CBMifkFVX3lxTE9xQ0RsVGJQOTU1S3JCWnFMbHR2azBqaHJJbG1UVkNGX0FJSkdrZTVFNU4wakstUU1PSTlTRW92LVByeUl5MzVqbFR3aVJUVDFjZDF0MkZtZkVndTMxcWlIV0hLZTEwZXQ2NFBTdEJRRzgwRXZNWTBqc083M3g3UQ?oc=5,2026-03-21 07:00:00,google_news,成都 演唱会 交通,35.0,general
牛弹琴：成都这9件小事，让人很受启发 - 红歌会网,牛弹琴：成都这9件小事，让人很受启发 红歌会网,牛弹琴：成都这9件小事，让人很受启发 - 红歌会网 牛弹琴：成都这9件小事，让人很受启发 红歌会网,https://news.google.com/rss/articles/CBMickFVX3lxTE9hQUJ6UFlsaWpjWGNydGVjT3ItcTY2WnBXU21xYUk1UlV6ZU1DMExXMWNmTVJOWEFuUGZMcFhKV2xqU1JJMk1Jakp0cWJuN09hM1NDU2xsdTEya2VUYXN2RWVsYXFIZ1dhcU9SUnlhTUtnQQ?oc=5,2026-03-09 07:00:00,google_news,成都 治堵,35.0,general
周杰伦八年未赴成都开唱真相揭晓 2026年巡演有望重返 - 17173,周杰伦八年未赴成都开唱真相揭晓 2026年巡演有望重返 17173,周杰伦八年未赴成都开唱真相揭晓 2026年巡演有望重返 - 17173 周杰伦八年未赴成都开唱真相揭晓 2026年巡演有望重返 17173,https://news.google.com/rss/articles/CBMiZEFVX3lxTE92QldNb0ZreENtSmMzdTRUUlVsYjMyRkQwRnIwOVZaQk9WVGhuc1dpVkNLMGN1dzdWVC1FeGJVbnBxXzRzYTBXMWdpT3NCZGpPemw4Sml2Tm9jN0xTeUp4bVlYQ3E?oc=5,2026-03-02 08:00:00,google_news,成都 演唱会 交通,35.0,general
成都首次连续25天不限行，为什么“敢”？需求在，算过账，管得细 - news.qq.com,成都首次连续25天不限行，为什么“敢”？需求在，算过账，管得细 news.qq.com,成都首次连续25天不限行，为什么“敢”？需求在，算过账，管得细 - news.qq.com 成都首次连续25天不限行，为什么“敢”？需求在，算过账，管得细 news.qq.com,https://news.google.com/rss/articles/CBMiVkFVX3lxTE1LVU9yRURPWnhhZTRvQkUwOEpCRmdadUxJZ0M2elpHTVM0bzU5NFNvN2ViMWQzWDZoZ29odkxCeDJOREIwMV8yeWEtLTFtV1ViczdpcFN3?oc=5,2026-02-12 08:00:00,google_news,成都 治堵,35.0,general
春节避堵，成都交警发布：两公布一提示 - scfzbs.com,春节避堵，成都交警发布：两公布一提示 scfzbs.com,春节避堵，成都交警发布：两公布一提示 - scfzbs.com 春节避堵，成都交警发布：两公布一提示 scfzbs.com,https://news.google.com/rss/articles/CBMiWkFVX3lxTE5PWmdCamdkNml4UkhOdXFBY0NBSWZEb1Y3T25KSE12QnVoNHJHM01BQUd3blRWdnltXzR4U0lXTWx2WVJFY29xVHdPbWxfbjhCLXYydWZkanFXdw?oc=5,2026-02-12 08:00:00,google_news,成都 交通 拥堵,35.0,general
成都今日车辆限行的时间段是几点到几点？ - 汽车之家,成都今日车辆限行的时间段是几点到几点？ 汽车之家,成都今日车辆限行的时间段是几点到几点？ - 汽车之家 成都今日车辆限行的时间段是几点到几点？ 汽车之家,https://news.google.com/rss/articles/CBMiWEFVX3lxTFBtTlotc19TUGU4YVc2Mlc5RTNMTEZiWTI3Q2ZPdF9QRm9kRjkyT2pyeUdLWEtxdXdZVXhZUXJYem0zU0lwWno2MHZXNkhydFVwZFV0RFdvS0c?oc=5,2026-01-30 08:00:00,google_news,成都 交通 拥堵,35.0,general
成都设置6个交警无人机执勤点：自动识别乱停乱放、加塞等交通违法行为 - 封面新闻,成都设置6个交警无人机执勤点：自动识别乱停乱放、加塞等交通违法行为 封面新闻,成都设置6个交警无人机执勤点：自动识别乱停乱放、加塞等交通违法行为 - 封面新闻 成都设置6个交警无人机执勤点：自动识别乱停乱放、加塞等交通违法行为 封面新闻,https://news.google.com/rss/articles/CBMid0FVX3lxTE9pUE5KejgzcVdUYS1xamVTdDJiY1FNOGkyZzFHaGlONFFpSjNwbzFhWk9mZXJ6U1NDeHowczBsenNLVjIzZGlhWXlQYkJRRF80Z1V3MHJmMmN0eXYyWE1DcnVLdEFla3NLLU5kcXMzSlA5aXJ1cjk0?oc=5,2025-12-31 08:00:00,google_news,成都 交通 拥堵,35.0,general
成都启用无人机交警_新浪新闻 - 手机新浪网,成都启用无人机交警_新浪新闻 手机新浪网,成都启用无人机交警_新浪新闻 - 手机新浪网 成都启用无人机交警_新浪新闻 手机新浪网,https://news.google.com/rss/articles/CBMiY0FVX3lxTE96V2NPQ2NldzEydFl6X0FBdmdSaWtUMTFDbzVQNkc3LXVXQWtQbmJqcUdSWThhV0hNQTl6U1RhV2RLYXhpZzNpQ2doVmVmMzBRZGlISlloR2pCY1puMkNCdDBJQQ?oc=5,2025-12-31 08:00:00,google_news,成都 交通 拥堵,35.0,general
成都更新2026年货车限行要求，有这三点变化 - sichuan.scol.com.cn,成都更新2026年货车限行要求，有这三点变化 sichuan.scol.com.cn,成都更新2026年货车限行要求，有这三点变化 - sichuan.scol.com.cn 成都更新2026年货车限行要求，有这三点变化 sichuan.scol.com.cn,https://news.google.com/rss/articles/CBMiY0FVX3lxTFBMakxZTUlTZ1pndGM0NVRKX0EyZThJdmxXaGZkTkNXRWp5aUVQMXlyM3JlNjZfM0FLemJITHptTjBlVnVXMTcydWZid21XaEhRT1JlZjVuRG9Td3FHTVRaeW9Ecw?oc=5,2025-12-25 08:00:00,google_news,成都 交通 拥堵,35.0,general
科华南路新增400米车道_新浪新闻 - 手机新浪网,科华南路新增400米车道_新浪新闻 手机新浪网,科华南路新增400米车道_新浪新闻 - 手机新浪网 科华南路新增400米车道_新浪新闻 手机新浪网,https://news.google.com/rss/articles/CBMiY0FVX3lxTE9JRUZySGFobGlwRzd3VERZRXpoazVLTzJoVm1lMUlQTElyeC1tRHRDOFhwOWFGMzRHbjZaTXBDdjNSUnFUMEFFam1HVXVJclRpOEp0Y2NpcXJlaFBsdjM1R2NITQ?oc=5,2025-11-19 08:00:00,google_news,成都 治堵,35.0,general
中国气象局与交通运输部2025年10月12日联合发布全国主要公路气象预报 - mct.gov.cn,中国气象局与交通运输部2025年10月12日联合发布全国主要公路气象预报 mct.gov.cn,中国气象局与交通运输部2025年10月12日联合发布全国主要公路气象预报 - mct.gov.cn 中国气象局与交通运输部2025年10月12日联合发布全国主要公路气象预报 mct.gov.cn,https://news.google.com/rss/articles/CBMidkFVX3lxTE1aekdETmJOeVJiUnFwYW5KcjBIZEpWb2hWVG1sZVc5R0h1bHNkSy15Nnd0UVhsWlNEOWhYaTdrOXEtUFVhOEJsNzdrbE9KT1pmOHVCVi1jRDJ3MTdNRkVBU1BxbnJHa1YxRjhKdDZvbUNoZVFhV0E?oc=5,2025-10-12 07:00:00,google_news,四川 暴雨 交通,35.0,general
交管无人机实战应用的“成都方案” - 赛文交通网,交管无人机实战应用的“成都方案” 赛文交通网,交管无人机实战应用的“成都方案” - 赛文交通网 交管无人机实战应用的“成都方案” 赛文交通网,https://news.google.com/rss/articles/CBMiY0FVX3lxTE1SVzNWbG8wekVreVZ3VkQzdDkwckpZXzk1T3F6Z2dqUDFTUHVlOTlSZmlvYUlxZHdsUkZiODU5U3VEa25KR3ZuTkNwYUVIazRCQ1FXdmhLeGgybllpX0xmMnRYaw?oc=5,2025-10-10 07:00:00,google_news,成都 治堵,35.0,general
成都交警布设23处无人机起降平台 在市区主要道路抓拍交通违法行为 - 封面新闻,成都交警布设23处无人机起降平台 在市区主要道路抓拍交通违法行为 封面新闻,成都交警布设23处无人机起降平台 在市区主要道路抓拍交通违法行为 - 封面新闻 成都交警布设23处无人机起降平台 在市区主要道路抓拍交通违法行为 封面新闻,https://news.google.com/rss/articles/CBMid0FVX3lxTE53azNtdTBEdDB6bWUtR1VHNkNNcGRjQW9YZER6Qk5FUUV0RmxjLS00aG5CamRFUXZMdU5YSDc2TTFjNzBDNUlYd254eTVLS3pmSE1qWThhblBpOEdNX09Ib1pkWHJSdnhPMWNSdVlKR0Z0QmJhcU5r?oc=5,2025-09-30 07:00:00,google_news,成都 治堵,35.0,general
中央气象台双预警齐发 这两个区域将有10级以上雷暴大风 - 中国科技网,中央气象台双预警齐发 这两个区域将有10级以上雷暴大风 中国科技网,中央气象台双预警齐发 这两个区域将有10级以上雷暴大风 - 中国科技网 中央气象台双预警齐发 这两个区域将有10级以上雷暴大风 中国科技网,https://news.google.com/rss/articles/CBMicEFVX3lxTE9hYW5KU2U3TnpKYW9kb3ZoZGZrdkYybklfQlRsWGx2Y0VCRFl3NWZ0dEhzSG9EMDluR29WUy1CdjFMeVcyWDB6Y1F2U3hFTVBMNDAzTDVnVVdEaXoyaVBjQ3VwSlNuQzFPUFVaeEh1ejA?oc=5,2025-08-15 07:00:00,google_news,四川 暴雨 交通,35.0,general
交通运输部维持强降雨二级防御响应 - 新浪新闻_手机新浪网,交通运输部维持强降雨二级防御响应 新浪新闻_手机新浪网,交通运输部维持强降雨二级防御响应 - 新浪新闻_手机新浪网 交通运输部维持强降雨二级防御响应 新浪新闻_手机新浪网,https://news.google.com/rss/articles/CBMigAJBVV95cUxNVlhZT0xBbGVoUkdBa1F0a2FQSUVjeXFQajc1TW85WFNFUWNHZjhiSzR1QkRwQlhuMFV4Q3R6LUQyeHA5M0dHNHl3VEtBTm5tVmJmOTBXajJsWk5iTlFaTjEwc3o1MVN4XzhIQmM2UUFSU2JrdzNHMjJUemZmZGtUQWg2YzEwSmZlV2tISDhUeG01RmhxY3Y4enhKVWl2b3BTQkhMQ0JYRHZtR1owdE55bUJMWFlYYUVuY1IwbGtNbHhaTG02ZGNFREx4SjgtQ2tPZmxVSkh1WHFoX0dTNDNaNmNWNlNDb3poZzEtSTlzeFM4QnZkUHJNelNBS2ZWa0F6?oc=5,2025-08-06 07:00:00,google_news,四川 暴雨 交通,35.0,weather
成都市信号控制中心建设运行实践 - 赛文交通网,成都市信号控制中心建设运行实践 赛文交通网,成都市信号控制中心建设运行实践 - 赛文交通网 成都市信号控制中心建设运行实践 赛文交通网,https://news.google.com/rss/articles/CBMiY0FVX3lxTE1FZ1VFWXpnMGtMY2xGd0JDMGJYM1BtclZ4Y1pqYUlvQmRlVGFhd0dKZ3d4WTVYVjdXaERpdGFQNElidEJxblRyTnA2R3NVbWw0QXJWTG43UTR5VHVlbllLM2NCNA?oc=5,2025-07-01 06:22:07,google_news,成都 交通 拥堵,35.0,general
成都三环路新增四条进出通道 成致路跨三环路立交桥正式通车‌ - sichuan.scol.com.cn,成都三环路新增四条进出通道 成致路跨三环路立交桥正式通车‌ sichuan.scol.com.cn,成都三环路新增四条进出通道 成致路跨三环路立交桥正式通车‌ - sichuan.scol.com.cn 成都三环路新增四条进出通道 成致路跨三环路立交桥正式通车‌ sichuan.scol.com.cn,https://news.google.com/rss/articles/CBMiY0FVX3lxTE9LZjQydE5IRkN3SWVjeWY3bHg1c1RKQkxKYnpVYzlsV1JOYUV2ZVdPX0hXTUtsV1Q0NDBDSHN0YkFoaS0xelJzQVdXVG52VkM4WFFEWm1Uak84VGxhb3dYSk43cw?oc=5,2025-06-26 07:00:00,google_news,成都 交通 拥堵,35.0,general
堵车可走应急车道！成都绕城高速扩大试运行范围 - 新浪财经,堵车可走应急车道！成都绕城高速扩大试运行范围 新浪财经,堵车可走应急车道！成都绕城高速扩大试运行范围 - 新浪财经 堵车可走应急车道！成都绕城高速扩大试运行范围 新浪财经,https://news.google.com/rss/articles/CBMiiwFBVV95cUxQdi1xaVo4OEZRYjVfcTZvbVpCcnVXNGVkbWV0QnBlQWQ1eXU4MGppUkY4UFJoUkRrMmZCRnNGNTlUY0k5dUg0dW5walowbTRiZE5zVlFFdERDMlZHYy1LaUhjOUZQTWxmMHdiNDVTTlltcFNSNGIxbEpVREFzQUdDQjhaamhQSUpleFA4?oc=5,2025-06-20 07:00:00,google_news,成都 交通 拥堵,35.0,general
堵车可走应急车道！明起，成都绕城高速扩大试运行范围 - sichuan.scol.com.cn,堵车可走应急车道！明起，成都绕城高速扩大试运行范围 sichuan.scol.com.cn,堵车可走应急车道！明起，成都绕城高速扩大试运行范围 - sichuan.scol.com.cn 堵车可走应急车道！明起，成都绕城高速扩大试运行范围 sichuan.scol.com.cn,https://news.google.com/rss/articles/CBMiY0FVX3lxTE9mS29YWEViNUdwUWpZdl9fRFFtMkY1Y0NfX2ZOeTlSSTBZWkw2Q29TVmZPNkZGbmZNTHlWT2NvWFZHSWpkX1dwLXo2S25MYlVyLWJlTjU3aU54Z0d2dHRzLW01cw?oc=5,2025-06-19 07:00:00,google_news,成都 交通 拥堵,35.0,general
堵车可走应急车道！明起，成都绕城高速扩大试运行范围 - 川观新闻,堵车可走应急车道！明起，成都绕城高速扩大试运行范围 川观新闻,堵车可走应急车道！明起，成都绕城高速扩大试运行范围 - 川观新闻 堵车可走应急车道！明起，成都绕城高速扩大试运行范围 川观新闻,https://news.google.com/rss/articles/CBMiTkFVX3lxTE9PRWpsblJQYkZtc054c2ROYzduNG1QOGtadzhTTnJpVGlyZjg4OXRxdVpyRzZGSzlfT016cTYwTkp3OEFfT1BpaVlPRmZfZw?oc=5,2025-06-19 07:00:00,google_news,成都 交通 拥堵,35.0,general
成都堵到红得发紫！川AG大军已出动！你在路上没？ - 光明网,成都堵到红得发紫！川AG大军已出动！你在路上没？ 光明网,成都堵到红得发紫！川AG大军已出动！你在路上没？ - 光明网 成都堵到红得发紫！川AG大军已出动！你在路上没？ 光明网,https://news.google.com/rss/articles/CBMiX0FVX3lxTE54clBlWlQ3NDNhbzVqbFdwYkhNNW5iN2NFbHMyRml6SGkyUU9UelFpV2ZOWS0tblYzaUtKM0hlNmJHT1luZlZPTjcxcDVlWnByQUhTNlJrUzk4eUh4NUFN?oc=5,2025-05-30 07:00:00,google_news,成都 交通 拥堵,35.0,general
春节出行，成都最全交通攻略来了！ - sichuan.scol.com.cn,春节出行，成都最全交通攻略来了！ sichuan.scol.com.cn,春节出行，成都最全交通攻略来了！ - sichuan.scol.com.cn 春节出行，成都最全交通攻略来了！ sichuan.scol.com.cn,https://news.google.com/rss/articles/CBMiY0FVX3lxTFBvYjY4eFdVWjBjYkpOQ2dHMzd2WURyc0tfdXlOaFMzaF9qdWkzQkRnamtWOGQ0MHpGc2RmVEtfS3hzNkdWWXFKb3hXbFh1a0w3c1NYSUNMQl9qTG15R3Z3Zy1fZw?oc=5,2025-01-27 08:00:00,google_news,成都 交通 拥堵,35.0,general
九张图 回顾2024成都拼搏奋进的万千气象 - sichuan.scol.com.cn,九张图 回顾2024成都拼搏奋进的万千气象 sichuan.scol.com.cn,九张图 回顾2024成都拼搏奋进的万千气象 - sichuan.scol.com.cn 九张图 回顾2024成都拼搏奋进的万千气象 sichuan.scol.com.cn,https://news.google.com/rss/articles/CBMiY0FVX3lxTE9RTXRRbnhobDlGM2pHX0NwbEYzOTJiM1p4di1QWFROWHdJdFhiRUdkeGN0WTM0Y3ZjSVdMUEk1LTM1cHcxb1o2VDlPNUYtMEIyR3VDODRRYktFRC1mX3A1T0V5NA?oc=5,2024-12-31 08:00:00,google_news,成都 治堵,35.0,general
直行车道天天堵、左转道却空着？市民提建议 成都交警立即整改 - 新浪网,直行车道天天堵、左转道却空着？市民提建议 成都交警立即整改 新浪网,直行车道天天堵、左转道却空着？市民提建议 成都交警立即整改 - 新浪网 直行车道天天堵、左转道却空着？市民提建议 成都交警立即整改 新浪网,https://news.google.com/rss/articles/CBMiggFBVV95cUxOTjB6aVJkVTNwY2NmbzgwdTgtRkZiLUgxd2dmbDQ1b1dWSGJoWVBsXzk4cjR0cFBsNl8yVkRGOXN6aGdKR0Z4SnM4SE9ZWl9OV3JDd01VSlVMc0FIaWxCNU5FRnBKNWpRVElEdkpDM1hkclRZMG1ZaEhoWGR2MkdKd0ln?oc=5,2024-12-16 08:00:00,google_news,成都 治堵,35.0,general
成都第一批次63项堵点治理任务清单公布 - thepaper.cn,成都第一批次63项堵点治理任务清单公布 thepaper.cn,成都第一批次63项堵点治理任务清单公布 - thepaper.cn 成都第一批次63项堵点治理任务清单公布 thepaper.cn,https://news.google.com/rss/articles/CBMiXkFVX3lxTFBlRFBjb2NJb2FXWHNYWHJyTU5kcUQwVEY0U1BlRGkwZHhHcUpMNjBkU2xHOHhFTHExcUtvcG16YjR4UFhmRTRoNi02SjVHaW5HRGNDTm51ZWdFTHNWQ0E?oc=5,2024-10-31 07:00:00,google_news,成都 治堵,35.0,general
2400万游客涌入，成都接待了一个“成都” - 21财经,2400万游客涌入，成都接待了一个“成都” 21财经,2400万游客涌入，成都接待了一个“成都” - 21财经 2400万游客涌入，成都接待了一个“成都” 21财经,https://news.google.com/rss/articles/CBMijwFBVV95cUxOeFVCMXJnaTBzS1hkOGE4R2wwNFM2OFZpTUdOcU5WZ3VkTUY3WWNUd3BuVldXdDdaejNMdjZsZGQ5N1N6NWxDc0V3MVN0V3RnNHJNZ0VMSjJiRUYzcGUyTDdWLXNUSkVtbzljUWRvRU5wRmRHWEllQTFEeHU0cGZUUkxIandtSENDV09va3psbw?oc=5,2024-10-11 07:00:00,google_news,成都 演唱会 交通,35.0,general
预计到2月4日前 成都市“5+1”城区的汽车出行总量都将维持高位 - sichuan.scol.com.cn,预计到2月4日前 成都市“5+1”城区的汽车出行总量都将维持高位 sichuan.scol.com.cn,预计到2月4日前 成都市“5+1”城区的汽车出行总量都将维持高位 - sichuan.scol.com.cn 预计到2月4日前 成都市“5+1”城区的汽车出行总量都将维持高位 sichuan.scol.com.cn,https://news.google.com/rss/articles/CBMiY0FVX3lxTE04bnQxNkI0V2FfUU1zWURSTTZodlNiZFdwekpZSXFOWnRqRktIRUE4RzhCNWpFSzhDVXdYMnZ6WWREVmw2NHlOUWtxb0FXSW9lNDRiVFllODVzTFRDZWpmTjhBdw?oc=5,2024-01-25 08:00:00,google_news,成都 交通 拥堵,35.0,general
